<?xml version="1.0" encoding="utf-8"?>
<COLLADA version="1.5.0" xmlns="http://www.collada.org/2008/03/COLLADASchema">
	<asset>
		<contributor>
			<authoring_tool>BrawlCrate</authoring_tool>
		</contributor>
		<created>2021-06-01T20:37:37Z</created>
		<modified>2021-06-01T20:37:37Z</modified>
		<unit meter="0.01" name="centimeter" />
		<up_axis>Y_UP</up_axis>
	</asset>
	<library_images>
		<image id="env_gold-image" name="env_gold">
			<init_from>
				<ref>env_gold.png</ref>
			</init_from>
		</image>
		<image id="lm_01mo-image" name="lm_01mo">
			<init_from>
				<ref>lm_01mo.png</ref>
			</init_from>
		</image>
		<image id="lm_02mo-image" name="lm_02mo">
			<init_from>
				<ref>lm_02mo.png</ref>
			</init_from>
		</image>
		<image id="lm_04mo-image" name="lm_04mo">
			<init_from>
				<ref>lm_04mo.png</ref>
			</init_from>
		</image>
		<image id="obj_obake_door-image" name="obj_obake_door">
			<init_from>
				<ref>obj_obake_door.png</ref>
			</init_from>
		</image>
	</library_images>
	<library_materials>
		<material id="mt_obake_door">
			<instance_effect url="#mt_obake_door-fx" />
		</material>
		<material id="mt_obake_kanagu">
			<instance_effect url="#mt_obake_kanagu-fx" />
		</material>
		<material id="mt_obake_oku">
			<instance_effect url="#mt_obake_oku-fx" />
		</material>
	</library_materials>
	<library_effects>
		<effect id="mt_obake_door-fx" name="mt_obake_door">
			<profile_COMMON>
				<newparam sid="obj_obake_door-surface">
					<surface type="2D">
						<init_from>
							<ref>obj_obake_door-image</ref>
						</init_from>
					</surface>
				</newparam>
				<newparam sid="obj_obake_door-sampler">
					<sampler2D>
						<source>obj_obake_door-surface</source>
						<instance_image url="#obj_obake_door-image" />
						<wrap_s>MIRROR</wrap_s>
						<wrap_t>MIRROR</wrap_t>
						<minfilter>LINEAR</minfilter>
						<magfilter>LINEAR</magfilter>
					</sampler2D>
				</newparam>
				<newparam sid="lm_01mo-surface">
					<surface type="2D">
						<init_from>
							<ref>lm_01mo-image</ref>
						</init_from>
					</surface>
				</newparam>
				<newparam sid="lm_01mo-sampler">
					<sampler2D>
						<source>lm_01mo-surface</source>
						<instance_image url="#lm_01mo-image" />
						<wrap_s>CLAMP</wrap_s>
						<wrap_t>CLAMP</wrap_t>
						<minfilter>LINEAR</minfilter>
						<magfilter>LINEAR</magfilter>
					</sampler2D>
				</newparam>
				<newparam sid="lm_02mo-surface">
					<surface type="2D">
						<init_from>
							<ref>lm_02mo-image</ref>
						</init_from>
					</surface>
				</newparam>
				<newparam sid="lm_02mo-sampler">
					<sampler2D>
						<source>lm_02mo-surface</source>
						<instance_image url="#lm_02mo-image" />
						<wrap_s>CLAMP</wrap_s>
						<wrap_t>CLAMP</wrap_t>
						<minfilter>LINEAR</minfilter>
						<magfilter>LINEAR</magfilter>
					</sampler2D>
				</newparam>
				<technique sid="COMMON">
					<phong>
						<diffuse>
							<texture texture="obj_obake_door-sampler" texcoord="TEXCOORD0" />
						</diffuse>
					</phong>
				</technique>
			</profile_COMMON>
		</effect>
		<effect id="mt_obake_kanagu-fx" name="mt_obake_kanagu">
			<profile_COMMON>
				<newparam sid="obj_obake_door-surface">
					<surface type="2D">
						<init_from>
							<ref>obj_obake_door-image</ref>
						</init_from>
					</surface>
				</newparam>
				<newparam sid="obj_obake_door-sampler">
					<sampler2D>
						<source>obj_obake_door-surface</source>
						<instance_image url="#obj_obake_door-image" />
						<wrap_s>MIRROR</wrap_s>
						<wrap_t>MIRROR</wrap_t>
						<minfilter>LINEAR</minfilter>
						<magfilter>LINEAR</magfilter>
					</sampler2D>
				</newparam>
				<newparam sid="env_gold-surface">
					<surface type="2D">
						<init_from>
							<ref>env_gold-image</ref>
						</init_from>
					</surface>
				</newparam>
				<newparam sid="env_gold-sampler">
					<sampler2D>
						<source>env_gold-surface</source>
						<instance_image url="#env_gold-image" />
						<wrap_s>CLAMP</wrap_s>
						<wrap_t>CLAMP</wrap_t>
						<minfilter>LINEAR</minfilter>
						<magfilter>LINEAR</magfilter>
					</sampler2D>
				</newparam>
				<newparam sid="lm_04mo-surface">
					<surface type="2D">
						<init_from>
							<ref>lm_04mo-image</ref>
						</init_from>
					</surface>
				</newparam>
				<newparam sid="lm_04mo-sampler">
					<sampler2D>
						<source>lm_04mo-surface</source>
						<instance_image url="#lm_04mo-image" />
						<wrap_s>CLAMP</wrap_s>
						<wrap_t>CLAMP</wrap_t>
						<minfilter>LINEAR</minfilter>
						<magfilter>LINEAR</magfilter>
					</sampler2D>
				</newparam>
				<technique sid="COMMON">
					<phong>
						<diffuse>
							<texture texture="obj_obake_door-sampler" texcoord="TEXCOORD0" />
						</diffuse>
					</phong>
				</technique>
			</profile_COMMON>
		</effect>
		<effect id="mt_obake_oku-fx" name="mt_obake_oku">
			<profile_COMMON>
				<newparam sid="obj_obake_door-surface">
					<surface type="2D">
						<init_from>
							<ref>obj_obake_door-image</ref>
						</init_from>
					</surface>
				</newparam>
				<newparam sid="obj_obake_door-sampler">
					<sampler2D>
						<source>obj_obake_door-surface</source>
						<instance_image url="#obj_obake_door-image" />
						<wrap_s>WRAP</wrap_s>
						<wrap_t>WRAP</wrap_t>
						<minfilter>LINEAR</minfilter>
						<magfilter>LINEAR</magfilter>
					</sampler2D>
				</newparam>
				<technique sid="COMMON">
					<phong>
						<diffuse>
							<texture texture="obj_obake_door-sampler" texcoord="TEXCOORD0" />
						</diffuse>
					</phong>
				</technique>
			</profile_COMMON>
		</effect>
	</library_effects>
	<library_geometries>
		<geometry id="polygon0" name="polygon0">
			<mesh>
				<source id="polygon0_Positions">
					<float_array id="polygon0_PosArr" count="390">-16 1E-06 -1.385353 -16 32 -1.385353 -16 0 1.385353 -16 32 1.385352 -15 32 2.163259 -15.21691 36.94428 1.385352 -14.26585 36.63526 2.163259 -12.94428 41.40457 1.385352 -12.13526 40.81678 2.163259 -9.404568 44.94428 1.385353 -8.816782 44.13526 2.163259 -4.944275 47.21691 1.385352 -4.635258 46.26586 2.163259 0 48.00001 1.385353 0 47.00001 2.16326 4.944274 47.21691 1.385353 4.635256 46.26585 2.16326 9.404567 44.94427 1.385354 8.816782 44.13526 2.163262 12.94427 41.40457 1.385353 12.13526 40.81678 2.16326 15.21691 36.94427 1.385352 14.26585 36.63526 2.163259 16 32 1.385353 15 32 2.163259 16 0 1.385353 15 1.5 2.16326 -15 1.5 2.16326 -12.10432 31.41173 2.163259 -11.70608 35.61816 2.163259 11.70608 35.61816 -2.163258 11.42962 31.31874 -1.11344 12.10432 31.41173 -2.163258 11.42962 5.200333 -1.113441 12.10432 4.415346 -2.163259 -11.42962 5.200333 -1.113441 -12.10432 4.415346 -2.163259 -11.42962 31.31874 -1.11344 -12.10432 31.41173 -2.163258 -11.05358 35.29071 -1.113441 -11.70608 35.61817 -2.163259 -9.402737 38.50528 -1.113441 -9.957787 39.0225 -2.163259 -6.831488 41.05638 -1.11344 -7.234756 41.72419 -2.163258 -3.591526 42.6943 -1.11344 -3.803535 43.45879 -2.163258 0 43.25868 -1.113442 0 44.05649 -2.16326 3.591525 42.69429 -1.113442 3.803535 43.45878 -2.16326 6.831488 41.05638 -1.113443 7.234756 41.72419 -2.163261 9.402737 38.50528 -1.113441 9.957787 39.02249 -2.163258 11.05358 35.29071 -1.11344 12.10432 31.41173 2.163259 11.42962 31.31874 1.113441 11.70608 35.61816 2.163259 11.05358 35.29071 1.113441 9.957787 39.02249 2.16326 9.402735 38.50528 1.113442 7.234756 41.72419 2.163262 6.831488 41.05638 1.113444 3.803535 43.45878 2.16326 3.591525 42.69429 1.113442 0 44.05649 2.16326 0 43.25868 1.113442 -3.803535 43.45879 2.163259 -3.591526 42.6943 1.113441 -7.234756 41.72419 2.163259 -6.831488 41.05638 1.113441 -9.957787 39.0225 2.163259 -9.402737 38.50528 1.113441 -11.05358 35.29071 1.113441 -11.42962 31.31874 1.113441 -12.10432 4.415346 2.16326 -11.42962 5.200333 1.113442 12.10432 4.415346 2.16326 11.42962 5.200333 1.113442 15 32 -2.163258 14.26585 36.63526 -2.163258 12.13526 40.81678 -2.163259 8.816782 44.13526 -2.16326 4.635256 46.26585 -2.163257 0 47.00001 -2.16326 -4.635258 46.26585 -2.16326 -8.816784 44.13526 -2.163262 -12.13526 40.81678 -2.163258 -14.26585 36.63526 -2.163258 -15 32 -2.163259 -15 1.5 -2.163259 15 1.5 -2.163259 16 32 -1.385353 15.21691 36.94427 -1.385351 12.94427 41.40457 -1.385353 9.404566 44.94428 -1.385353 4.944273 47.21691 -1.385351 0 48.00002 -1.385353 -4.944275 47.21691 -1.385353 -9.40457 44.94427 -1.385356 -12.94428 41.40457 -1.385352 -15.21691 36.94427 -1.385352 9.790019 38.98783 -1.35 -9.79002 38.98783 -1.35 11.50886 35.6646 -1.35 -11.50886 35.6646 -1.35 11.90039 31.55837 -1.35 -11.90039 31.55838 -1.35 11.90039 4.557106 -1.35 -11.90039 4.557106 -1.35 16 0 -1.385353 -7.112865 41.62516 1.35 7.112865 41.62516 1.35 -9.79002 38.98783 1.35 9.790018 38.98783 1.35 11.50886 35.6646 1.35 -3.6 43.31844 -1.35 -7.112865 41.62517 -1.35 3.6 43.31844 -1.35 7.112865 41.62516 -1.35 3.6 43.31844 1.35 -3.6 43.31844 1.35 -11.50886 35.66461 1.35 -11.90039 31.55838 1.35 -11.90039 4.557103 1.35 11.90039 4.557106 1.35 11.90039 31.55837 1.35 0 43.90191 1.35 0 43.90191 -1.35</float_array>
					<technique_common>
						<accessor source="#polygon0_PosArr" count="130" stride="3">
							<param name="X" type="float" />
							<param name="Y" type="float" />
							<param name="Z" type="float" />
						</accessor>
					</technique_common>
				</source>
				<source id="polygon0_Normals">
					<float_array id="polygon0_NormArr" count="240">-0.6802368 -0.1940308 -0.7068481 -0.8956909 0.07061768 -0.4390869 -0.6802368 -0.1940308 0.7068481 -0.8956909 0.07061768 0.4390869 -0.3240967 0.02563477 0.9456787 -0.8535767 0.2773438 0.440979 -0.3079834 0.1000366 0.946106 -0.7260742 0.5275269 0.440979 -0.2619629 0.1903076 0.946106 -0.5275269 0.7260742 0.440979 -0.1903076 0.2619629 0.946106 -0.2773438 0.8535767 0.440979 -0.1000366 0.3079834 0.946106 0 0.897522 0.440979 0 0.3237915 0.946106 0.2773438 0.8535767 0.440979 0.1000366 0.3079834 0.946106 0.5275269 0.7260742 0.440979 0.1903076 0.2619629 0.946106 0.7260742 0.5275269 0.440979 0.2619629 0.1903076 0.946106 0.8535767 0.2773438 0.440979 0.3079834 0.1000366 0.946106 0.8956909 0.07061768 0.4390869 0.3240967 0.02563477 0.9456787 0.6802368 -0.1940308 0.7068481 0.1634521 -0.1225586 0.9788818 -0.1634521 -0.1225586 0.9788818 0 0 1 -0.7927856 -0.2299805 -0.5644531 -0.8389893 -0.03955078 -0.5427246 -0.5170288 0.4921875 -0.7003174 0.5170288 0.4921875 -0.7003174 0.8389893 -0.03955078 -0.5427246 0.7927856 -0.2299805 -0.5644531 0.6560669 -0.479248 -0.5830078 0.47052 -0.6514893 -0.5951538 0.2452393 -0.7594604 -0.6026001 0 -0.7962036 -0.6050415 -0.2452393 -0.7594604 -0.6026001 -0.47052 -0.6514893 -0.5951538 -0.6560669 -0.479248 -0.5830078 -0.8389893 -0.03955078 0.5427246 -0.7927856 -0.2299805 0.5644531 -0.6560669 -0.479248 0.5830078 -0.47052 -0.6514893 0.5951538 -0.2452393 -0.7594604 0.6026001 0 -0.7962036 0.6050415 0.2452393 -0.7594604 0.6026001 0.47052 -0.6514893 0.5951538 0.6560669 -0.479248 0.5830078 0.7927856 -0.2299805 0.5644531 0.8389893 -0.03955078 0.5427246 0.5170288 0.4921875 0.7003174 -0.5170288 0.4921875 0.7003174 0 0 -1 0.3240967 0.02563477 -0.9456787 0.3079834 0.1000366 -0.946106 0.2619629 0.1903076 -0.946106 0.1903076 0.2619629 -0.946106 0.1000366 0.3079834 -0.946106 0 0.3237915 -0.946106 -0.1000366 0.3079834 -0.946106 -0.1903076 0.2619629 -0.946106 -0.2619629 0.1903076 -0.946106 -0.3079834 0.1000366 -0.946106 -0.3240967 0.02563477 -0.9456787 -0.1634521 -0.1225586 -0.9788818 0.1634521 -0.1225586 -0.9788818 0.8956909 0.07061768 -0.4390869 0.8535767 0.2773438 -0.440979 0.7260742 0.5275269 -0.440979 0.5275269 0.7260742 -0.440979 0.2773438 0.8535767 -0.440979 0 0.897522 -0.440979 -0.2773438 0.8535767 -0.440979 -0.5275269 0.7260742 -0.440979 -0.7260742 0.5275269 -0.440979 -0.8535767 0.2773438 -0.440979 0.6802368 -0.1940308 -0.7068481</float_array>
					<technique_common>
						<accessor source="#polygon0_NormArr" count="80" stride="3">
							<param name="X" type="float" />
							<param name="Y" type="float" />
							<param name="Z" type="float" />
						</accessor>
					</technique_common>
				</source>
				<source id="polygon0_UVs0">
					<float_array id="polygon0_UVArr0" count="114">0 0.25 0 0.75 0.015625 0.75 0.01223755 0.82724 0.02709961 0.8224182 0.04776001 0.8969421 0.06039429 0.8877563 0.1030579 0.95224 0.1122437 0.9396057 0.17276 0.9877625 0.1775818 0.9729004 0.25 1 0.25 0.984375 0.32724 0.9877625 0.3224182 0.9729004 0.3969421 0.95224 0.3877563 0.9396057 0.45224 0.8969421 0.4396057 0.8877563 0.4877625 0.82724 0.4729004 0.8224182 0.5 0.75 0.484375 0.75 0.5 0.25 0.484375 0.2734375 0.015625 0.2734375 0.06088257 0.7408142 0.06707764 0.8065491 0.4328918 0.8065491 0.4285889 0.7393494 0.4391174 0.7408142 0.4285889 0.3312683 0.4391174 0.3190002 0.07141113 0.3312683 0.06088257 0.3190002 0.07141113 0.7393494 0.07730103 0.8014221 0.1030884 0.8516541 0.09442139 0.8597412 0.1432495 0.89151 0.1369629 0.901947 0.1938782 0.9170837 0.1905823 0.9290466 0.25 0.9259033 0.25 0.938385 0.3061218 0.9170837 0.3094177 0.9290466 0.3567505 0.89151 0.3630371 0.901947 0.3969116 0.8516541 0.4055786 0.8597412 0.422699 0.8014221 0.1957092 0.9170532 0.3041687 0.9170227 0.3041077 0.9170532 0.1956482 0.9170227 0.251709 0.9259033</float_array>
					<technique_common>
						<accessor source="#polygon0_UVArr0" count="57" stride="2">
							<param name="S" type="float" />
							<param name="T" type="float" />
						</accessor>
					</technique_common>
				</source>
				<vertices id="polygon0_Vertices">
					<input semantic="POSITION" source="#polygon0_Positions" />
				</vertices>
				<triangles material="mt_obake_door" count="202">
					<input semantic="VERTEX" source="#polygon0_Vertices" offset="0" />
					<input semantic="NORMAL" source="#polygon0_Normals" offset="1" />
					<input semantic="TEXCOORD" source="#polygon0_UVs0" set="0" offset="2" />
					<p>2 2 0 1 1 1 0 0 0 3 3 1 1 1 1 2 2 0 4 4 2 3 3 1 2 2 0 5 5 3 3 3 1 4 4 2 6 6 4 5 5 3 4 4 2 7 7 5 5 5 3 6 6 4 8 8 6 7 7 5 6 6 4 9 9 7 7 7 5 8 8 6 10 10 8 9 9 7 8 8 6 11 11 9 9 9 7 10 10 8 12 12 10 11 11 9 10 10 8 13 13 11 11 11 9 12 12 10 14 14 12 13 13 11 12 12 10 15 15 13 13 13 11 14 14 12 16 16 14 15 15 13 14 14 12 17 17 15 15 15 13 16 16 14 18 18 16 17 17 15 16 16 14 19 19 17 17 17 15 18 18 16 20 20 18 19 19 17 18 18 16 21 21 19 19 19 17 20 20 18 22 22 20 21 21 19 20 20 18 23 23 21 21 21 19 22 22 20 24 24 22 23 23 21 22 22 20 25 25 23 23 23 21 24 24 22 26 26 24 25 25 23 24 24 22 2 2 0 25 25 23 26 26 24 27 27 25 2 2 0 26 26 24 4 4 2 2 2 0 27 27 25 28 28 26 4 4 2 27 27 25 29 28 27 4 4 2 28 28 26 32 30 30 31 30 29 30 29 28 33 31 31 31 30 29 32 30 30 34 31 32 33 31 31 32 30 30 35 32 33 33 31 31 34 31 32 36 32 34 35 32 33 34 31 32 37 33 35 35 32 33 36 32 34 38 33 26 37 33 35 36 32 34 39 34 36 37 33 35 38 33 26 40 34 27 39 34 36 38 33 26 41 35 37 39 34 36 40 34 27 42 35 38 41 35 37 40 34 27 43 36 39 41 35 37 42 35 38 44 36 40 43 36 39 42 35 38 45 37 41 43 36 39 44 36 40 46 37 42 45 37 41 44 36 40 47 38 43 45 37 41 46 37 42 48 38 44 47 38 43 46 37 42 49 39 45 47 38 43 48 38 44 50 39 46 49 39 45 48 38 44 51 40 47 49 39 45 50 39 46 52 40 48 51 40 47 50 39 46 53 41 49 51 40 47 52 40 48 54 41 50 53 41 49 52 40 48 55 29 51 53 41 49 54 41 50 30 29 28 55 29 51 54 41 50 31 30 29 55 29 51 30 29 28 58 43 28 57 42 29 56 42 30 59 43 51 57 42 29 58 43 28 60 44 50 59 43 51 58 43 28 61 44 49 59 43 51 60 44 50 62 45 48 61 44 49 60 44 50 63 45 47 61 44 49 62 45 48 64 46 46 63 45 47 62 45 48 65 46 45 63 45 47 64 46 46 66 47 44 65 46 45 64 46 46 67 47 43 65 46 45 66 47 44 68 48 42 67 47 43 66 47 44 69 48 41 67 47 43 68 48 42 70 49 40 69 48 41 68 48 42 71 49 39 69 48 41 70 49 40 72 50 38 71 49 39 70 49 40 73 50 37 71 49 39 72 50 38 29 51 27 73 50 37 72 50 38 74 51 36 73 50 37 29 51 27 28 52 26 74 51 36 29 51 27 75 52 35 74 51 36 28 52 26 76 53 34 75 52 35 28 52 26 77 53 33 75 52 35 76 53 34 78 54 32 77 53 33 76 53 34 79 54 31 77 53 33 78 54 32 56 42 30 79 54 31 78 54 32 57 42 29 79 54 31 56 42 30 32 55 30 80 56 22 34 55 32 81 57 20 80 56 22 32 55 30 30 55 28 81 57 20 32 55 30 82 58 18 81 57 20 30 55 28 54 55 50 82 58 18 30 55 28 83 59 16 82 58 18 54 55 50 52 55 48 83 59 16 54 55 50 84 60 14 83 59 16 52 55 48 50 55 46 84 60 14 52 55 48 85 61 12 84 60 14 50 55 46 48 55 44 85 61 12 50 55 46 86 62 10 85 61 12 48 55 44 46 55 42 86 62 10 48 55 44 87 63 8 86 62 10 46 55 42 44 55 40 87 63 8 46 55 42 88 64 6 87 63 8 44 55 40 42 55 38 88 64 6 44 55 40 89 65 4 88 64 6 42 55 38 40 55 27 89 65 4 42 55 38 90 66 2 89 65 4 40 55 27 38 55 26 90 66 2 40 55 27 91 67 25 90 66 2 38 55 26 36 55 34 91 67 25 38 55 26 92 68 24 91 67 25 36 55 34 81 57 20 93 69 21 80 56 22 94 70 19 93 69 21 81 57 20 82 58 18 94 70 19 81 57 20 95 71 17 94 70 19 82 58 18 83 59 16 95 71 17 82 58 18 96 72 15 95 71 17 83 59 16 84 60 14 96 72 15 83 59 16 97 73 13 96 72 15 84 60 14 85 61 12 97 73 13 84 60 14 98 74 11 97 73 13 85 61 12 86 62 10 98 74 11 85 61 12 99 75 9 98 74 11 86 62 10 87 63 8 99 75 9 86 62 10 100 76 7 99 75 9 87 63 8 88 64 6 100 76 7 87 63 8 101 77 5 100 76 7 88 64 6 89 65 4 101 77 5 88 64 6 102 78 3 101 77 5 89 65 4 90 66 2 102 78 3 89 65 4 1 1 1 102 78 3 90 66 2 0 0 0 1 1 1 90 66 2 7 7 5 101 77 5 5 5 3 100 76 7 101 77 5 7 7 5 9 9 7 100 76 7 7 7 5 99 75 9 100 76 7 9 9 7 11 11 9 99 75 9 9 9 7 98 74 11 99 75 9 11 11 9 13 13 11 98 74 11 11 11 9 97 73 13 98 74 11 13 13 11 15 15 13 97 73 13 13 13 11 96 72 15 97 73 13 15 15 13 17 17 15 96 72 15 15 15 13 95 71 17 96 72 15 17 17 15 19 19 17 95 71 17 17 17 15 94 70 19 95 71 17 19 19 17 21 21 19 94 70 19 19 19 17 93 69 21 94 70 19 21 21 19 23 23 21 93 69 21 21 21 19 25 25 23 93 69 21 23 23 21 105 55 51 104 55 37 103 55 49 106 55 36 104 55 37 105 55 51 107 55 29 106 55 36 105 55 51 108 55 35 106 55 36 107 55 29 109 55 31 108 55 35 107 55 29 110 55 33 108 55 35 109 55 31 111 79 23 93 69 21 25 25 23 80 56 22 93 69 21 111 79 23 92 68 24 80 56 22 111 79 23 34 55 32 80 56 22 92 68 24 36 55 34 34 55 32 92 68 24 114 28 37 113 28 47 112 28 39 115 28 49 113 28 47 114 28 37 116 28 51 115 28 49 114 28 37 102 78 3 5 5 3 101 77 5 3 3 1 5 5 3 102 78 3 1 1 1 3 3 1 102 78 3 119 55 53 118 55 39 117 55 52 120 55 47 118 55 39 119 55 53 120 55 47 104 55 37 118 55 39 103 55 49 104 55 37 120 55 47 122 28 55 113 28 47 121 28 54 112 28 39 113 28 47 122 28 55 123 28 36 116 28 51 114 28 37 124 28 35 116 28 51 123 28 36 126 28 31 124 28 35 125 28 33 127 28 29 124 28 35 126 28 31 27 27 25 76 28 34 28 28 26 26 26 24 76 28 34 27 27 25 26 26 24 78 28 32 76 28 34 24 24 22 78 28 32 26 26 24 24 24 22 56 28 30 78 28 32 22 22 20 56 28 30 24 24 22 22 22 20 58 28 28 56 28 30 20 20 18 58 28 28 22 22 20 29 28 27 6 6 4 4 4 2 72 28 38 6 6 4 29 28 27 72 28 38 8 8 6 6 6 4 70 28 40 8 8 6 72 28 38 70 28 40 10 10 8 8 8 6 68 28 42 10 10 8 70 28 40 68 28 42 12 12 10 10 10 8 66 28 44 12 12 10 68 28 42 66 28 44 14 14 12 12 12 10 64 28 46 14 14 12 66 28 44 64 28 46 16 16 14 14 14 12 62 28 48 16 16 14 64 28 46 62 28 48 18 18 16 16 16 14 60 28 50 18 18 16 62 28 48 60 28 50 20 20 18 18 18 16 58 28 28 20 20 18 60 28 50 91 67 25 0 0 0 90 66 2 92 68 24 0 0 0 91 67 25 122 28 52 121 28 54 128 28 56 117 55 52 129 55 56 119 55 54 127 28 29 116 28 51 124 28 35 111 79 23 0 0 0 92 68 24</p>
				</triangles>
			</mesh>
		</geometry>
		<geometry id="polygon1" name="polygon1">
			<mesh>
				<source id="polygon1_Positions">
					<float_array id="polygon1_PosArr" count="1791">-9.701561 21.43689 4.368846 -9.489735 20.44034 4.368846 -9.081383 20.44034 3.661559 -9.32851 19.2777 3.661559 -8.582415 18.94551 3.661558 -9.48068 17.70915 3.661558 -9.207439 17.40569 4.368846 -10.67797 16.55668 4.368846 -10.80416 16.94504 5.076132 -12.32401 16.7853 5.076132 -12.23864 17.59753 5.076132 -13.36908 17.96483 5.076132 -13.16491 18.31848 4.368846 -13.92203 19.0002 4.368846 -14.2524 18.76017 3.661559 -14.73585 19.84603 3.661559 -15.53471 19.67623 3.661558 -15.53471 21.20445 3.661558 -15.93414 21.28935 4.368846 -15.24349 22.84057 4.368846 -14.91312 22.60055 5.076132 -13.77744 23.62313 5.076132 -13.36908 22.91584 5.076132 -12.23864 23.28315 5.076132 -12.19596 22.87703 4.368846 -11.18272 22.77053 4.368846 -11.05653 23.1589 3.661559 -10.02716 22.56459 3.661559 -9.48068 23.17152 3.661558 -8.582415 21.93517 3.661558 -8.209366 22.10126 4.368846 -7.856327 20.44034 4.368846 -8.264679 20.44034 5.076132 -8.582415 18.94551 5.076132 -9.32851 19.2777 5.076132 -10.02716 18.31608 5.076132 -10.3004 18.61955 4.368846 -11.18272 18.11014 4.368846 -11.05654 17.72178 3.661559 -12.23864 17.59753 3.661559 -12.32401 16.7853 3.661558 -13.77744 17.25755 3.661558 -13.98161 16.9039 4.368846 -15.24349 18.0401 4.368846 -14.91313 18.28013 5.076132 -15.53471 19.67623 5.076132 -14.73585 19.84603 5.076132 -14.73585 21.03465 5.076132 -14.33642 20.94975 4.368846 -13.92203 21.88048 4.368846 -14.2524 22.1205 3.661559 -13.36908 22.91584 3.661559 -13.77744 23.62313 3.661558 -12.32401 24.09538 3.661558 -12.36669 24.50149 4.368846 -10.67797 24.324 4.368846 -10.80416 23.93563 5.076132 -9.48068 23.17152 5.076132 -10.02716 22.56459 5.076132 -9.32851 21.60298 5.076132 -9.32851 21.60298 3.661559 -10.3004 22.26113 4.368846 -11.05653 23.1589 5.076132 -12.32401 24.09538 5.076132 -13.98161 23.97677 4.368846 -14.91312 22.60055 3.661558 -14.73585 21.03465 3.661559 -14.33642 19.93093 4.368846 -14.2524 18.76017 5.076132 -13.77744 17.25755 5.076132 -12.3667 16.37918 4.368846 -10.80416 16.94504 3.661558 -10.02716 18.31608 3.661559 -9.701559 19.44379 4.368846 -9.081383 20.44034 5.076132 -8.582415 21.93517 5.076132 -9.207439 23.47499 4.368846 -10.80416 23.93563 3.661558 -12.23864 23.28315 3.661559 -13.16491 22.5622 4.368846 -14.2524 22.1205 5.076132 -15.53471 21.20445 5.076132 -15.93414 19.59133 4.368846 -14.91313 18.28013 3.661558 -13.36908 17.96483 3.661559 -12.19596 18.00365 4.368846 -11.05654 17.72178 5.076132 -9.48068 17.70915 5.076132 -8.209366 18.77942 4.368846 -8.264679 20.44034 3.661558 -9.32851 19.2777 -3.661558 -9.701559 19.44379 -4.368845 -9.489735 20.44034 -4.368845 -9.081383 20.44034 -5.076132 -9.32851 21.60298 -5.076132 -8.582415 21.93517 -5.076132 -9.48068 23.17152 -5.076132 -9.207439 23.47499 -4.368845 -10.67797 24.324 -4.368845 -10.80416 23.93563 -3.661558 -12.32401 24.09538 -3.661558 -12.23864 23.28315 -3.661558 -13.36908 22.91584 -3.661558 -13.16491 22.5622 -4.368845 -13.92203 21.88048 -4.368845 -14.2524 22.1205 -5.076132 -14.73585 21.03465 -5.076132 -15.53471 21.20445 -5.076132 -15.53471 19.67623 -5.076132 -15.93414 19.59133 -4.368845 -15.24349 18.0401 -4.368845 -14.91313 18.28013 -3.661558 -13.77744 17.25755 -3.661558 -13.36908 17.96483 -3.661558 -12.23864 17.59753 -3.661558 -12.19596 18.00365 -4.368845 -11.18272 18.11014 -4.368845 -11.05654 17.72178 -5.076132 -10.02716 18.31608 -5.076132 -9.48068 17.70915 -5.076132 -8.582415 18.94551 -5.076132 -8.209366 18.77942 -4.368845 -7.856327 20.44034 -4.368845 -8.264679 20.44034 -3.661558 -8.582415 21.93517 -3.661558 -9.32851 21.60298 -3.661558 -10.02716 22.56459 -3.661558 -10.3004 22.26113 -4.368845 -11.18272 22.77053 -4.368845 -11.05653 23.1589 -5.076132 -12.23864 23.28315 -5.076132 -12.32401 24.09538 -5.076132 -13.77744 23.62313 -5.076132 -13.98161 23.97677 -4.368845 -15.24349 22.84057 -4.368845 -14.91312 22.60055 -3.661558 -15.53471 21.20445 -3.661558 -14.73585 21.03465 -3.661558 -14.73585 19.84603 -3.661558 -14.33642 19.93093 -4.368845 -13.92203 19.0002 -4.368845 -14.2524 18.76017 -5.076132 -13.36908 17.96483 -5.076132 -13.77744 17.25755 -5.076132 -12.32401 16.7853 -5.076132 -12.3667 16.37919 -4.368845 -10.67797 16.55668 -4.368845 -10.80416 16.94504 -3.661558 -9.48068 17.70915 -3.661558 -10.02716 18.31608 -3.661558 -9.081383 20.44034 -3.661558 -9.701561 21.43689 -4.368845 -10.02716 22.56459 -5.076132 -10.80416 23.93563 -5.076132 -12.36669 24.50149 -4.368845 -13.77744 23.62313 -3.661558 -14.2524 22.1205 -3.661558 -14.33642 20.94975 -4.368845 -14.73585 19.84603 -5.076132 -14.91313 18.28013 -5.076132 -13.98161 16.9039 -4.368845 -12.32401 16.7853 -3.661558 -11.05654 17.72178 -3.661558 -10.3004 18.61955 -4.368845 -9.32851 19.27769 -5.076132 -8.264679 20.44034 -5.076132 -8.209366 22.10126 -4.368845 -9.48068 23.17152 -3.661558 -11.05653 23.1589 -3.661558 -12.19596 22.87703 -4.368845 -13.36908 22.91584 -5.076132 -14.91312 22.60055 -5.076132 -15.93414 21.28935 -4.368845 -15.53471 19.67623 -3.661558 -14.2524 18.76017 -3.661558 -13.16491 18.31848 -4.368845 -12.23864 17.59753 -5.076132 -10.80416 16.94504 -5.076132 -9.207439 17.40569 -4.368845 -8.582415 18.94551 -3.661558 17.05695 26.50785 2.190722 16.60052 26.12094 2.838659 11.2032 26.18521 2.190721 11.01065 25.84505 2.838658 9.439659 26.78777 2.190722 9.369261 26.52762 2.838659 8.287128 27.67674 2.190722 8.183022 27.42721 2.838659 7.681491 28.94042 2.190722 7.57274 28.55356 2.838659 7.071154 30.83294 2.190721 6.975207 30.32251 2.838658 5.92638 29.10952 2.190722 6.078896 28.7788 2.838659 5.593101 27.77448 2.190723 5.862638 27.71164 2.83866 5.804642 26.60796 2.190723 6.105324 26.4981 2.83866 6.259007 25.90751 2.190723 6.682492 25.70363 2.83866 4.431521 25.83855 2.190723 4.391026 25.54863 2.83866 2.886779 26.24023 2.190721 2.881872 25.94424 2.838658 1.561337 26.92954 2.190721 1.510012 26.67092 2.838658 0.9290552 28.1251 2.190721 0.7279472 27.86959 2.838658 0.5264492 30.26535 2.190721 0.3979712 29.63969 2.838658 -0.5597267 28.6515 2.190721 -0.3391743 28.39874 2.838658 -0.8074818 27.59193 2.190721 -0.5513229 27.40385 2.838658 -0.7654438 26.34406 2.190722 -0.4969559 26.33683 2.838659 -0.3822117 25.55681 2.190722 0.07623291 25.30772 2.838659 -2.663893 25.40536 2.190721 -2.281979 25.17822 2.838658 -4.394709 24.67513 2.190721 -3.91592 24.55381 2.838658 -5.594631 23.5 2.190721 -5.012447 23.5 2.838657 16.33877 21.10436 3.062524 16.60052 20.87906 2.838659 10.97178 21.35409 3.062524 11.01065 21.15495 2.838658 9.443838 20.73625 3.062524 9.369261 20.47238 2.838659 8.261876 19.92197 3.062524 8.183022 19.57279 2.838659 7.554375 18.69145 3.062524 7.57274 18.44644 2.838658 6.94786 17.12642 3.062524 6.975207 16.67749 2.838658 6.172945 18.36273 3.062524 6.078896 18.2212 2.838659 6.00771 19.28843 3.062526 5.862638 19.28836 2.83866 6.350523 20.5617 3.062525 6.105324 20.5019 2.83866 7.035269 21.4821 3.062525 6.682492 21.29637 2.83866 4.352966 21.6224 3.062525 4.391026 21.45137 2.83866 2.757482 21.21063 3.062524 2.881872 21.05576 2.838658 1.436198 20.52603 3.062524 1.510012 20.32908 2.838658 0.6491985 19.37395 3.062524 0.7279472 19.13041 2.838658 0.3715229 17.91931 3.062524 0.3979712 17.36031 2.838658 -0.1700687 18.81363 3.062524 -0.3391743 18.60126 2.838658 -0.3839092 19.80564 3.062524 -0.5513229 19.59615 2.838658 -0.316412 20.77148 3.062524 -0.4969559 20.66317 2.838659 0.3380728 21.84046 3.062524 0.07623291 21.69228 2.838659 -2.146286 21.95769 3.062524 -2.281979 21.82178 2.838658 -3.722622 22.52288 3.062524 -3.91592 22.44619 2.838658 -4.743362 23.5 3.062524 -11.30572 23.56758 6.010517 -11.60647 23.56758 6.163756 -11.42683 23.94032 6.010517 -11.67014 23.76354 6.163756 -11.74389 24.17068 6.010517 -11.83683 23.88465 6.163756 -12.13581 24.17068 6.010517 -12.04287 23.88465 6.163756 -12.45287 23.94032 6.010517 -12.20956 23.76354 6.163756 -12.57398 23.56758 6.010517 -12.27323 23.56758 6.163756 -12.45287 23.19485 6.010517 -12.20956 23.37163 6.163756 -12.13581 22.96449 6.010517 -12.04287 23.25052 6.163756 -11.74389 22.96449 6.010517 -11.83683 23.25052 6.163756 -11.42683 23.19485 6.010517 -11.67014 23.37163 6.163756 9.852654 23.5159 4.91138 9.605694 23.5159 5.037214 9.753204 23.82197 4.91138 9.55341 23.67681 5.037214 9.492844 24.01113 4.91138 9.416531 23.77626 5.037214 9.171021 24.01113 4.91138 9.247337 23.77626 5.037214 8.91066 23.82197 4.91138 9.110455 23.67681 5.037214 8.811214 23.5159 4.91138 9.058174 23.5159 5.037214 8.91066 23.20983 4.91138 9.110455 23.35499 5.037214 9.171021 23.02066 4.91138 9.247337 23.25554 5.037214 9.492844 23.02066 4.91138 9.416531 23.25554 5.037214 9.753204 23.20983 4.91138 9.55341 23.35499 5.037214 -11.10976 24.17068 -5.471095 -11.06705 23.56758 -5.771843 -10.91381 23.56758 -5.471095 -11.23374 23.05456 -5.771843 -11.10976 22.96449 -5.471095 -11.67014 22.7375 -5.771843 -11.62279 22.59176 -5.471095 -12.20956 22.7375 -5.771843 -12.25691 22.59176 -5.471095 -12.64596 23.05456 -5.771843 -12.76994 22.96449 -5.471095 -12.81265 23.56758 -5.771843 -12.96589 23.56758 -5.471095 -12.64596 24.08061 -5.771843 -12.76994 24.17068 -5.471095 -12.20956 24.39767 -5.771843 -12.25691 24.54341 -5.471095 -11.67014 24.39767 -5.771843 -11.62279 24.54341 -5.471095 -11.23374 24.08061 -5.771843 -10.86101 23.56758 5.137714 -10.91381 23.56758 5.471095 -11.06705 24.20171 5.137714 -11.10976 24.17068 5.471095 -11.60647 24.59363 5.137714 -11.62279 24.54341 5.471095 -12.27323 24.59363 5.137714 -12.25691 24.54341 5.471095 -12.81265 24.20171 5.137714 -12.76994 24.17068 5.471095 -13.01869 23.56758 5.137714 -12.96589 23.56758 5.471095 -12.81265 22.93346 5.137714 -12.76994 22.96449 5.471095 -12.27323 22.54154 5.137714 -12.25691 22.59176 5.471095 -11.60647 22.54154 5.137714 -11.62279 22.59176 5.471095 -11.06705 22.93346 5.137714 -11.10976 22.96449 5.471095 10.21783 23.5159 4.19467 10.17448 23.5159 4.468429 10.04864 24.03662 4.19467 10.01357 24.01113 4.468429 9.605694 24.35844 4.19467 9.592293 24.3172 4.468429 9.058174 24.35844 4.19467 9.071571 24.3172 4.468429 8.615223 24.03662 4.19467 8.650299 24.01113 4.468429 8.44603 23.5159 4.19467 8.489388 23.5159 4.468429 8.615223 22.99518 4.19467 8.650299 23.02066 4.468429 9.058174 22.67335 4.19467 9.071571 22.71459 4.468429 9.605694 22.67335 4.19467 9.592293 22.71459 4.468429 10.04864 22.99518 4.19467 10.01357 23.02066 4.468429 10.04864 23.5159 4.715391 9.911762 23.93717 4.715391 9.55341 24.19753 4.715391 9.110455 24.19753 4.715391 8.752102 23.93717 4.715391 8.615223 23.5159 4.715391 8.752102 23.09463 4.715391 9.110455 22.83426 4.715391 9.55341 22.83426 4.715391 9.911762 23.09463 4.715391 2.602328 23.82098 3.919767 2.580029 23.7973 4.12515 2.230901 23.9964 3.919767 2.22678 23.96413 4.12515 1.827304 23.91999 3.919767 1.842936 23.89147 4.12515 1.545697 23.62095 3.919767 1.57511 23.60706 4.12515 1.493645 23.2135 3.919767 1.525606 23.21955 4.12515 1.69103 22.85326 3.919767 1.713329 22.87694 4.12515 2.062458 22.67785 3.919767 2.066579 22.71011 4.12515 2.466056 22.75425 3.919767 2.450424 22.78278 4.12515 2.747663 23.0533 3.919767 2.718248 23.06719 4.12515 2.799713 23.46075 3.919767 2.767753 23.4547 4.12515 2.515306 23.72857 4.310429 2.214815 23.87049 4.310429 1.8883 23.80868 4.310429 1.660473 23.56674 4.310429 1.618362 23.23711 4.310429 1.778051 22.94567 4.310429 2.078543 22.80376 4.310429 2.405059 22.86557 4.310429 2.632886 23.1075 4.310429 2.674995 23.43714 4.310429 2.414503 23.62153 4.457467 2.196184 23.72464 4.457467 1.958955 23.67973 4.457467 1.79343 23.50395 4.457467 1.762836 23.26446 4.457467 1.878857 23.05272 4.457467 2.097175 22.94961 4.457467 2.334404 22.99452 4.457467 2.499928 23.17029 4.457467 2.530523 23.40979 4.457467 2.287484 23.48665 4.551871 2.172707 23.54085 4.551871 2.047989 23.51724 4.551871 1.960966 23.42483 4.551871 1.94488 23.29892 4.551871 2.005877 23.1876 4.551871 2.120652 23.13339 4.551871 2.245373 23.15701 4.551871 2.332395 23.24942 4.551871 2.348478 23.37533 4.551871 -9.68392 25.20662 -2.251823 -9.913898 23.56758 -3.014354 -9.151367 23.56758 -2.251823 -10.30082 22.37676 -3.014354 -9.68392 21.92856 -2.251823 -11.3138 21.64079 -3.014354 -11.07816 20.91558 -2.251823 -12.5659 21.64079 -3.014354 -12.80154 20.91558 -2.251823 -13.57888 22.37676 -3.014354 -14.19578 21.92856 -2.251823 -13.9658 23.56759 -3.014354 -14.72833 23.56759 -2.251823 -13.57888 24.75841 -3.014354 -14.19578 25.20662 -2.251823 -12.5659 25.49438 -3.014354 -12.80154 26.21959 -2.251823 -11.3138 25.49438 -3.014354 -11.07816 26.21959 -2.251823 -10.30082 24.75841 -3.014354 -10.87474 23.56758 -3.50393 -11.07816 22.94153 -3.50393 -11.61071 22.55461 -3.50393 -12.26899 22.55461 -3.50393 -12.80154 22.94153 -3.50393 -13.00496 23.56759 -3.50393 -12.80154 24.19364 -3.50393 -12.26899 24.58056 -3.50393 -11.61071 24.58056 -3.50393 -11.07816 24.19364 -3.50393 -11.06705 24.20171 -5.137714 -10.86101 23.56758 -5.137714 -11.06705 22.93346 -5.137714 -11.60647 22.54154 -5.137714 -12.27323 22.54154 -5.137714 -12.81265 22.93346 -5.137714 -13.01869 23.56758 -5.137714 -12.81265 24.20171 -5.137714 -12.27323 24.59363 -5.137714 -11.60647 24.59363 -5.137714 -11.30572 23.56758 -6.010518 -11.42683 23.19485 -6.010518 -11.74389 22.96449 -6.010518 -12.13581 22.96449 -6.010518 -12.45287 23.19485 -6.010518 -12.57398 23.56758 -6.010518 -12.45287 23.94032 -6.010518 -12.13581 24.17068 -6.010518 -11.74389 24.17068 -6.010518 -11.42683 23.94032 -6.010518 -11.60647 23.56758 -6.163756 -11.67014 23.37163 -6.163756 -11.83683 23.25052 -6.163756 -12.04287 23.25052 -6.163756 -12.20956 23.37163 -6.163756 -12.27323 23.56758 -6.163756 -12.20956 23.76354 -6.163756 -12.04287 23.88465 -6.163756 -11.83683 23.88465 -6.163756 -11.67014 23.76354 -6.163756 -9.151367 23.56758 2.251824 -9.913898 23.56758 3.014355 -9.68392 25.20662 2.251824 -10.30082 24.75841 3.014355 -11.07816 26.21959 2.251824 -11.3138 25.49438 3.014355 -12.80154 26.21959 2.251824 -12.5659 25.49438 3.014355 -14.19578 25.20662 2.251824 -13.57888 24.75841 3.014355 -14.72833 23.56759 2.251824 -13.9658 23.56759 3.014355 -14.19578 21.92856 2.251824 -13.57888 22.37676 3.014355 -12.80154 20.91558 2.251824 -12.5659 21.64079 3.014355 -11.07816 20.91558 2.251824 -11.3138 21.64079 3.014355 -9.68392 21.92856 2.251824 -10.30082 22.37676 3.014355 -10.87474 23.56758 3.503931 -11.07816 24.19364 3.503931 -11.61071 24.58056 3.503931 -12.26899 24.58056 3.503931 -12.80154 24.19364 3.503931 -13.00496 23.56759 3.503931 -12.80154 22.94153 3.503931 -12.26899 22.55461 3.503931 -11.61071 22.55461 3.503931 -11.07816 22.94153 3.503931 -11.06705 23.56758 5.771843 -11.23374 24.08061 5.771843 -11.67014 24.39767 5.771843 -12.20956 24.39767 5.771843 -12.64596 24.08061 5.771843 -12.81265 23.56758 5.771843 -12.64596 23.05456 5.771843 -12.20956 22.7375 5.771843 -11.67014 22.7375 5.771843 -11.23374 23.05456 5.771843 7.035269 25.5179 3.062525 4.352966 25.3776 3.062525 2.757482 25.78937 3.062524 0.3380728 25.15954 3.062524 -2.146286 25.04231 3.062524 -3.722622 24.47712 3.062524 3.062355 24.31533 3.094935 2.914199 24.158 3.942166 1.503024 24.51453 3.094935 1.610433 24.32455 3.942166 0.8317108 23.09307 3.094935 1.049143 23.13607 3.942166 1.976148 22.01536 3.094935 2.006014 22.23499 3.942166 3.354763 22.77076 3.094935 3.158683 22.86657 3.942166 11.11791 23.52123 3.095237 10.82985 23.52123 4.224526 9.886292 25.2164 3.095237 9.800091 24.93858 4.224526 7.893494 24.5689 3.095237 8.1339 24.3972 4.224526 7.89349 22.47355 3.095237 8.1339 22.64526 4.224526 9.886292 21.82605 3.095237 9.800091 22.10388 4.224526 6.350523 26.4383 3.062525 8.261876 27.07803 3.062524 6.00771 27.71157 3.062526 7.554375 28.30855 3.062524 6.172945 28.63727 3.062525 6.94786 29.87358 3.062524 9.443838 26.26375 3.062524 -11.93985 23.56758 -6.216558 2.146679 23.33712 4.584402 9.331932 23.5159 5.080574 -11.93985 23.56758 3.672627 10.97178 25.64591 3.062524 16.33877 25.89564 3.062524 1.436198 26.47397 3.062524 -0.316412 26.22852 3.062524 -0.3839092 27.19436 3.062524 -11.93985 23.56758 6.216558 -11.93985 23.56758 -3.672626 2.147694 23.34403 3.942166 9.339565 23.52123 4.224526 0.3715229 29.08069 3.062524 0.6491985 27.62605 3.062524 -0.1700687 28.18637 3.062524 17.05695 20.49215 2.190722 11.2032 20.81479 2.190721 9.439659 20.21223 2.190722 8.287128 19.32326 2.190722 7.681491 18.05958 2.190722 7.071154 16.16706 2.190721 5.92638 17.89048 2.190722 5.593101 19.22552 2.190723 5.804642 20.39204 2.190723 6.259007 21.09249 2.190723 4.431521 21.16145 2.190723 2.886779 20.75977 2.190721 1.561337 20.07046 2.190721 0.9290552 18.8749 2.190721 0.5264492 16.73465 2.190721 -0.5597267 18.3485 2.19072 -0.8074818 19.40807 2.190721 -0.7654438 20.65594 2.190722 -0.3822117 21.44319 2.190722 -2.663893 21.59464 2.190721 -4.394709 22.32487 2.190721</float_array>
					<technique_common>
						<accessor source="#polygon1_PosArr" count="597" stride="3">
							<param name="X" type="float" />
							<param name="Y" type="float" />
							<param name="Z" type="float" />
						</accessor>
					</technique_common>
				</source>
				<source id="polygon1_Normals">
					<float_array id="polygon1_NormArr" count="1221">-0.9135742 -0.4067383 0 -1 0 0 -0.4958496 0 -0.8684082 -0.4529419 0.2016602 -0.8684082 0.4529419 -0.2016602 -0.8684082 0.3317871 -0.3684692 -0.8684082 0.6691284 -0.7431641 0 0.309021 -0.9510498 0 0.1531982 -0.4715576 0.8684082 -0.05181885 -0.493103 0.8684082 0.05181885 0.493103 0.8684082 0.2479248 0.4293823 0.8684082 0.5 0.8660278 0 0.809021 0.5877686 0 0.401123 0.2914429 -0.8684082 0.4849854 0.1030884 -0.8684082 -0.4849854 -0.1030884 -0.8684082 -0.4849854 0.1030884 -0.8684082 -0.9781494 0.2078857 0 -0.809021 0.5877686 0 -0.401123 0.2914429 0.8684082 -0.2479248 0.4293823 0.8684082 0.2479248 -0.4293823 0.8684082 0.05181885 -0.493103 0.8684082 0.1045532 -0.9945068 0 -0.309021 -0.9510498 0 -0.1531982 -0.4715576 -0.8684082 -0.3317871 -0.3684692 -0.8684082 0.3317871 0.3684692 -0.8684082 0.4529419 0.2016602 -0.8684082 0.9135742 0.4067383 0 1 0 0 0.4958496 0 0.8684082 0.4529419 -0.2016602 0.8684082 -0.4529419 0.2016602 0.8684082 -0.3317871 0.3684692 0.8684082 -0.6691284 0.7431641 0 -0.309021 0.9510498 0 -0.1531982 0.4715576 -0.8684082 0.05181885 0.493103 -0.8684082 -0.05181885 -0.493103 -0.8684082 -0.2479248 -0.4293823 -0.8684082 -0.5 -0.8660278 0 -0.809021 -0.5877686 0 -0.401123 -0.2914429 0.8684082 -0.4849854 -0.1030884 0.8684082 0.4849854 0.1030884 0.8684082 0.4849854 -0.1030884 0.8684082 0.9781494 -0.2078857 0 0.809021 -0.5877686 0 0.401123 -0.2914429 -0.8684082 0.2479248 -0.4293823 -0.8684082 -0.2479248 0.4293823 -0.8684082 -0.05181885 0.493103 -0.8684082 -0.1045532 0.9945068 0 0.309021 0.9510498 0 0.1531982 0.4715576 0.8684082 0.3317871 0.3684692 0.8684082 -0.3317871 -0.3684692 0.8684082 -0.4529419 -0.2016602 0.8684082 -0.4529419 -0.2016602 -0.8684082 -0.6691284 -0.7431641 0 -0.1531982 -0.4715576 0.8684082 -0.05181885 0.493103 0.8684082 -0.5 0.8660278 0 -0.401123 0.2914429 -0.8684082 0.4849854 -0.1030884 -0.8684082 0.9781494 0.2078857 0 0.401123 0.2914429 0.8684082 -0.2479248 -0.4293823 0.8684082 -0.1045532 -0.9945068 0 0.1531982 -0.4715576 -0.8684082 -0.3317871 0.3684692 -0.8684082 -0.9135742 0.4067383 0 -0.4958496 0 0.8684082 0.4529419 0.2016602 0.8684082 0.6691284 0.7431641 0 0.1531982 0.4715576 -0.8684082 0.05181885 -0.493103 -0.8684082 0.5 -0.8660278 0 0.401123 -0.2914429 0.8684082 -0.4849854 0.1030884 0.8684082 -0.9781494 -0.2078857 0 -0.401123 -0.2914429 -0.8684082 0.2479248 0.4293823 -0.8684082 0.1045532 0.9945068 0 -0.1531982 0.4715576 0.8684082 0.3317871 -0.3684692 0.8684082 0.9135742 -0.4067383 0 0.4958496 0 -0.8684082 0.4911499 0.560791 0.6665649 0.4237671 0.4946289 0.7587891 0.1368408 0.8726196 0.4688721 0.1311646 0.8018799 0.5828857 0.4445801 0.7949219 0.4128418 0.4061279 0.727356 0.5532227 0.7162476 0.5951538 0.3644409 0.671936 0.565918 0.4777832 0.8660278 0.3606567 0.3462524 0.8297729 0.3621216 0.4246216 0.09338379 0.7446289 0.6608887 0.09667969 0.6199341 0.7786865 -0.8615112 0.355896 0.3621216 -0.8206787 0.3230591 0.4713745 -0.9267578 0.01757813 0.3752441 -0.8770142 -0.005004883 0.4804077 -0.8635254 -0.3641968 0.348877 -0.7955322 -0.3515015 0.4935303 -0.7307739 0.3397827 0.592041 -0.5993652 0.2672119 0.7545166 0.09106445 0.9154053 0.3921509 0.08453369 0.8499146 0.5201416 0.3330688 0.8578491 0.3913574 0.3060303 0.793335 0.5263062 0.6409302 0.6719971 0.3709717 0.5794067 0.6212158 0.5275879 0.8755493 0.3291016 0.3536377 0.8251953 0.3168945 0.4675293 0.1433105 0.6619873 0.7357178 0.1876221 0.4962769 0.8476563 -0.8463745 0.352417 0.399353 -0.7596436 0.3054199 0.5741577 -0.9186401 0.08148193 0.3866577 -0.8516235 0.06799316 0.5197754 -0.8930664 -0.2403564 0.3803711 -0.8483276 -0.2460938 0.4688721 -0.6983032 0.3927612 0.5983887 -0.6398315 0.336731 0.6907959 -0.1974487 0.8878784 0.4155884 -0.1817627 0.8490601 0.4960327 -0.4681396 0.729126 0.4992065 -0.4418335 0.7012939 0.5594482 -0.7376709 0 0.6751099 -0.6876831 0 0.7260132 0.2348633 -0.2816162 0.9303589 0.4237671 -0.4946289 0.7587891 0.04382324 -0.2553711 0.9658813 0.1311646 -0.8018799 0.5828857 0.128418 -0.2304077 0.9645996 0.4061279 -0.727356 0.5532227 0.2240601 -0.1916504 0.9555664 0.671936 -0.565918 0.4777832 0.3605347 -0.1652832 0.9179688 0.8297729 -0.3621216 0.4246216 0.0579834 -0.3039551 0.9509277 0.09667969 -0.6199341 0.7786865 -0.4298096 -0.15979 0.8886719 -0.8206787 -0.3230591 0.4713745 -0.3610229 0.003417969 0.9325562 -0.3901367 0.1818237 0.9025879 -0.7955322 0.3515015 0.4935303 -0.1096802 -0.04638672 0.9928589 -0.5993652 -0.2672119 0.7545166 0.03344727 -0.3360596 0.9412231 0.08453369 -0.8499146 0.5201416 0.09838867 -0.2570801 0.9613647 0.3060303 -0.793335 0.5263062 0.178833 -0.1970825 0.9639282 0.5794067 -0.6212158 0.5276489 0.3377075 -0.1328735 0.9318237 0.8251953 -0.3168945 0.4675293 0.1274414 -0.2141724 0.9684448 0.1876221 -0.4962769 0.8476563 -0.3447266 -0.1321411 0.9293213 -0.7596436 -0.3054199 0.5741577 -0.335083 -0.02313232 0.9418945 -0.8516235 -0.06799316 0.5197754 -0.4464111 0.1400146 0.8837891 -0.8483276 0.2460938 0.4688721 -0.1298218 -0.06317139 0.989502 -0.6398315 -0.336792 0.6907959 -0.07348633 -0.3587646 0.930542 -0.1817627 -0.8490601 0.4960327 -0.2282104 -0.369873 0.9006348 -0.4418335 -0.7012939 0.5594482 -0.4210815 0 0.9070435 0.586853 0 0.8096924 0.3082886 0 0.9512939 0.4747314 0.3449097 0.8096924 0.2494507 0.1812134 0.9512939 0.1813354 0.5581055 0.8096924 0.09527588 0.2932129 0.9512939 -0.1813354 0.5581055 0.8096924 -0.09527588 0.2932129 0.9512939 -0.4747314 0.3449097 0.8096924 -0.2494507 0.1812134 0.9512939 -0.586853 0 0.8096924 -0.3082886 0 0.9512939 -0.4747314 -0.3449097 0.8096924 -0.2494507 -0.1812134 0.9512939 -0.1813354 -0.5581055 0.8096924 -0.09527588 -0.2932129 0.9512939 0.1813354 -0.5581055 0.8096924 0.09527588 -0.2932129 0.9512939 0.4747314 -0.3449097 0.8096924 0.2494507 -0.1812134 0.9512939 0.7692261 0.5588989 -0.3096924 0.8083496 0 -0.5886841 0.9508667 0 -0.3096924 0.6539307 -0.4751587 -0.5887451 0.7692261 -0.5588989 -0.3096924 0.2498169 -0.7687988 -0.5887451 0.2938232 -0.9042969 -0.3096924 -0.2498169 -0.7687988 -0.5887451 -0.2938232 -0.9042969 -0.3096924 -0.6539307 -0.4751587 -0.5887451 -0.7692261 -0.5588989 -0.3096924 -0.8083496 0 -0.5887451 -0.9508667 0 -0.3096924 -0.6539307 0.4751587 -0.5887451 -0.7692261 0.5588989 -0.3096924 -0.2498169 0.7687988 -0.5887451 -0.2938232 0.9042969 -0.3096924 0.2498169 0.7687988 -0.5887451 0.2938232 0.9042969 -0.3096924 0.6539307 0.4751587 -0.5887451 0.9876709 0 0.1564331 0.9508667 0 0.3096924 0.7990723 0.5805664 0.1564331 0.7692261 0.5588989 0.3096924 0.3052368 0.9393311 0.1564331 0.2938232 0.9042969 0.3096924 -0.3052368 0.9393311 0.1564331 -0.2938232 0.9042969 0.3096924 -0.7990723 0.5805664 0.1564331 -0.7692261 0.5588989 0.3096924 -0.9876709 0 0.1564331 -0.9508667 0 0.3096924 -0.7990723 -0.5805664 0.1564331 -0.7692261 -0.5588989 0.3096924 -0.3052368 -0.9393311 0.1564331 -0.2938232 -0.9042969 0.3096924 0.3052368 -0.9393311 0.1564331 0.2938232 -0.9042969 0.3096924 0.7990723 -0.5805664 0.1564331 0.7692261 -0.5588989 0.3096924 0.8083496 0 0.5886841 0.6539307 0.4751587 0.5887451 0.2498169 0.7687988 0.5887451 -0.2498169 0.7687988 0.5887451 -0.6539307 0.4751587 0.5887451 -0.8083496 0 0.5887451 -0.6539307 -0.4751587 0.5887451 -0.2498169 -0.7687988 0.5887451 0.2498169 -0.7687988 0.5887451 0.6539307 -0.4751587 0.5887451 0.677124 0.7190552 0.1564331 0.6518555 0.6921997 0.3096924 0.1251831 0.9797363 0.1564331 0.1204834 0.9431763 0.3096924 -0.4746094 0.8662109 0.1564331 -0.4569092 0.8338623 0.3096924 -0.8931274 0.421814 0.1564331 -0.8598022 0.4060669 0.3096924 -0.970459 -0.1837158 0.1564331 -0.9342651 -0.1768799 0.3096924 -0.677124 -0.7190552 0.1564331 -0.6518555 -0.6921997 0.3096924 -0.1251831 -0.9797363 0.1564331 -0.1204834 -0.9431763 0.3096924 0.4746094 -0.8662109 0.1564331 0.4569092 -0.8338623 0.3096924 0.8931274 -0.421814 0.1564331 0.8598022 -0.4060669 0.3096924 0.970459 0.1837158 0.1564331 0.9342651 0.1768799 0.3096924 0.5541992 0.588501 0.5887451 0.102417 0.8018188 0.5887451 -0.3884277 0.7089233 0.5887451 -0.7942505 -0.1503296 0.5887451 -0.5541992 -0.588501 0.5887451 -0.102417 -0.8018188 0.5887451 0.3884277 -0.7089233 0.5887451 0.730957 -0.3452148 0.5887451 0.7942505 0.1503296 0.5887451 0.4022827 0.4272461 0.8096924 0.07434082 0.5820923 0.8096924 -0.2819824 0.5146484 0.8096924 -0.5306396 0.2506104 0.8096924 -0.5765991 -0.1091309 0.8096924 -0.4022827 -0.4272461 0.8096924 -0.07434082 -0.5820923 0.8096924 0.2819824 -0.5146484 0.8096924 0.5306396 -0.2506104 0.8096924 0.5765991 0.1091309 0.8096924 0.2113647 0.2244263 0.9512939 0.0390625 0.3058472 0.9512939 -0.1481323 0.2703857 0.9512939 -0.2787476 0.1316528 0.9512939 -0.3029175 -0.05737305 0.9512939 -0.2113647 -0.2244263 0.9512939 -0.0390625 -0.3058472 0.9512939 0.1481323 -0.2703857 0.9512939 0.2787476 -0.1316528 0.9512939 0.3029175 0.05737305 0.9512939 0.5720825 0.4156494 -0.7070923 0.586853 0 -0.8096924 0.7070923 0 -0.7070923 0.4747314 -0.3449097 -0.8096924 0.5720825 -0.4156494 -0.7070923 0.1813354 -0.5581055 -0.8096924 0.2185059 -0.6724854 -0.7070923 -0.1813354 -0.5581055 -0.8096924 -0.2185059 -0.6724854 -0.7070923 -0.4747314 -0.3449097 -0.8096924 -0.5720825 -0.4156494 -0.7070923 -0.586853 0 -0.8096924 -0.7070923 0 -0.7070923 -0.4747314 0.3449097 -0.8096924 -0.5720825 0.4156494 -0.7070923 -0.1813354 0.5581055 -0.8096924 -0.2185059 0.6724854 -0.7070923 0.1813354 0.5581055 -0.8096924 0.2185059 0.6724854 -0.7070923 0.4747314 0.3449097 -0.8096924 0.3082886 0 -0.9512939 0.2494507 -0.1812134 -0.9512939 0.09527588 -0.2932129 -0.9512939 -0.09527588 -0.2932129 -0.9512939 -0.2494507 -0.1812134 -0.9512939 -0.3082886 0 -0.9512939 -0.2494507 0.1812134 -0.9512939 -0.09527588 0.2932129 -0.9512939 0.09527588 0.2932129 -0.9512939 0.2494507 0.1812134 -0.9512939 0.7990723 0.5805664 -0.1564331 0.9876709 0 -0.1564331 0.7990723 -0.5805664 -0.1564331 0.3052368 -0.9393311 -0.1564331 -0.3052368 -0.9393311 -0.1564331 -0.7990723 -0.5805664 -0.1564331 -0.9876709 0 -0.1564331 -0.7990723 0.5805664 -0.1564331 -0.3052368 0.9393311 -0.1564331 0.3052368 0.9393311 -0.1564331 0.7070923 0 0.7070923 0.5720825 0.4156494 0.7070923 0.2185059 0.6724854 0.7070923 -0.2185059 0.6724854 0.7070923 -0.5720825 0.4156494 0.7070923 -0.7070923 0 0.7070923 -0.5720825 -0.4156494 0.7070923 -0.2185059 -0.6724854 0.7070923 0.2185059 -0.6724854 0.7070923 0.5720825 -0.4156494 0.7070923 -0.1096802 0.04638672 0.9928589 0.03344727 0.3360596 0.9412231 0.09838867 0.2570801 0.9613647 -0.1298218 0.06317139 0.989502 -0.07348633 0.3587646 0.930542 -0.1813965 0.2940063 0.9384155 0.6643066 0.7054443 0.2471924 0.3772583 0.4006348 0.8349609 -0.4650879 0.8494263 0.2494507 -0.263916 0.4820557 0.8354492 -0.9506226 -0.1797485 0.2530518 -0.5388184 -0.1018677 0.8362427 -0.1224365 -0.9596558 0.2531128 -0.06939697 -0.5439453 0.8362427 0.8757935 -0.413269 0.2494507 0.4970093 -0.2345581 0.8354492 0.9689941 0 0.2471924 0.550354 0 0.8349609 0.2994995 0.9208984 0.2494507 0.1699829 0.522644 0.8354492 -0.7825928 0.5687866 0.2531128 -0.4435425 0.3223877 0.8362427 -0.7825928 -0.5687866 0.2530518 -0.4435425 -0.3223877 0.8362427 0.2994995 -0.9208984 0.2494507 0.1699829 -0.522644 0.8354492 -0.3901367 -0.1818237 0.9025879 0.2240601 0.1916504 0.9555664 0.3605347 0.1652832 0.9179688 -0.4298096 0.15979 0.8886719 0.0579834 0.3039551 0.9509277 0.128418 0.2304077 0.9645996 0 0 -1 0 0 1 0.06665039 0.3879395 0.9192505 0.1723022 0.206665 0.9631348 -0.4464111 -0.1400146 0.8837891 -0.335083 0.02313232 0.9418945 0.1274414 0.2141724 0.9684448 0.3377075 0.1328735 0.9318237 -0.3447266 0.1321411 0.9293213 0.4911499 -0.560791 0.6665649 0.1368408 -0.8726196 0.4688721 0.4445801 -0.7949219 0.4128418 0.7162476 -0.5951538 0.3644409 0.8660278 -0.3606567 0.3462524 0.09338379 -0.7446289 0.6608887 -0.8615112 -0.355896 0.3621216 -0.9267578 -0.01757813 0.3752441 -0.8635254 0.3641968 0.348877 -0.7307739 -0.3397827 0.592041 0.09106445 -0.9154053 0.3921509 0.3330688 -0.8578491 0.3913574 0.6409302 -0.6719971 0.3709717 0.8755493 -0.3291016 0.3536377 0.1433105 -0.6619873 0.7357178 -0.8463745 -0.352417 0.399353 -0.9186401 -0.08148193 0.3866577 -0.8930664 0.2403564 0.3803711 -0.6983032 -0.3927612 0.5983887 -0.1974487 -0.8878784 0.4155884 -0.4681396 -0.729126 0.4992065</float_array>
					<technique_common>
						<accessor source="#polygon1_NormArr" count="407" stride="3">
							<param name="X" type="float" />
							<param name="Y" type="float" />
							<param name="Z" type="float" />
						</accessor>
					</technique_common>
				</source>
				<source id="polygon1_UVs0">
					<float_array id="polygon1_UVArr0" count="40">0.6226196 0.4348755 0.6177063 0.4746704 0.932251 0.4515381 0.7480164 0.4894409 0.8209534 0.4422913 0.756012 0.4379883 0.8739319 0.3919067 0.8739319 0.4256592 0.8739319 0.4040222 0.893158 0.4362793 0.9200745 0.3900452 0.9200745 0.4131165 0.8739319 0.4296875 0.890625 0.4718628 0.890625 0.4266968 0.644928 0.4586792 0.9350586 0.3787231 0.9350586 0.4140625 0.6098938 0.4167175 0.9062195 0.506897</float_array>
					<technique_common>
						<accessor source="#polygon1_UVArr0" count="20" stride="2">
							<param name="S" type="float" />
							<param name="T" type="float" />
						</accessor>
					</technique_common>
				</source>
				<vertices id="polygon1_Vertices">
					<input semantic="POSITION" source="#polygon1_Positions" />
				</vertices>
				<triangles material="mt_obake_kanagu" count="1063">
					<input semantic="VERTEX" source="#polygon1_Vertices" offset="0" />
					<input semantic="NORMAL" source="#polygon1_Normals" offset="1" />
					<input semantic="TEXCOORD" source="#polygon1_UVs0" set="0" offset="2" />
					<p>2 2 0 1 1 0 0 0 0 3 3 0 1 1 0 2 2 0 4 4 0 3 3 0 2 2 0 5 5 0 3 3 0 4 4 0 6 6 0 5 5 0 4 4 0 7 7 0 5 5 0 6 6 0 8 8 0 7 7 0 6 6 0 9 9 0 7 7 0 8 8 0 10 10 0 9 9 0 8 8 0 11 11 0 9 9 0 10 10 0 12 12 0 11 11 0 10 10 0 13 13 0 11 11 0 12 12 0 14 14 0 13 13 0 12 12 0 15 15 0 13 13 0 14 14 0 16 16 0 15 15 0 14 14 0 17 17 0 15 15 0 16 16 0 18 18 0 17 17 0 16 16 0 19 19 0 17 17 0 18 18 0 20 20 0 19 19 0 18 18 0 21 21 0 19 19 0 20 20 0 22 22 0 21 21 0 20 20 0 23 23 0 21 21 0 22 22 0 24 24 0 23 23 0 22 22 0 25 25 0 23 23 0 24 24 0 26 26 0 25 25 0 24 24 0 27 27 0 25 25 0 26 26 0 28 28 0 27 27 0 26 26 0 29 29 0 27 27 0 28 28 0 30 30 0 29 29 0 28 28 0 31 31 0 29 29 0 30 30 0 32 32 0 31 31 0 30 30 0 33 33 0 31 31 0 32 32 0 34 34 0 33 33 0 32 32 0 35 35 0 33 33 0 34 34 0 36 36 0 35 35 0 34 34 0 37 37 0 35 35 0 36 36 0 38 38 0 37 37 0 36 36 0 39 39 0 37 37 0 38 38 0 40 40 0 39 39 0 38 38 0 41 41 0 39 39 0 40 40 0 42 42 0 41 41 0 40 40 0 43 43 0 41 41 0 42 42 0 44 44 0 43 43 0 42 42 0 45 45 0 43 43 0 44 44 0 46 46 0 45 45 0 44 44 0 47 47 0 45 45 0 46 46 0 48 48 0 47 47 0 46 46 0 49 49 0 47 47 0 48 48 0 50 50 0 49 49 0 48 48 0 51 51 0 49 49 0 50 50 0 52 52 0 51 51 0 50 50 0 53 53 0 51 51 0 52 52 0 54 54 0 53 53 0 52 52 0 55 55 0 53 53 0 54 54 0 56 56 0 55 55 0 54 54 0 57 57 0 55 55 0 56 56 0 58 58 0 57 57 0 56 56 0 59 59 0 57 57 0 58 58 0 0 0 0 59 59 0 58 58 0 1 1 0 59 59 0 0 0 0 0 0 0 60 60 0 2 2 0 61 61 0 60 60 0 0 0 0 58 58 0 61 61 0 0 0 0 62 62 0 61 61 0 58 58 0 56 56 0 62 62 0 58 58 0 63 63 0 62 62 0 56 56 0 54 54 0 63 63 0 56 56 0 64 64 0 63 63 0 54 54 0 52 52 0 64 64 0 54 54 0 65 65 0 64 64 0 52 52 0 50 50 0 65 65 0 52 52 0 66 66 0 65 65 0 50 50 0 48 48 0 66 66 0 50 50 0 67 67 0 66 66 0 48 48 0 46 46 0 67 67 0 48 48 0 68 68 0 67 67 0 46 46 0 44 44 0 68 68 0 46 46 0 69 69 0 68 68 0 44 44 0 42 42 0 69 69 0 44 44 0 70 70 0 69 69 0 42 42 0 40 40 0 70 70 0 42 42 0 71 71 0 70 70 0 40 40 0 38 38 0 71 71 0 40 40 0 72 72 0 71 71 0 38 38 0 36 36 0 72 72 0 38 38 0 73 73 0 72 72 0 36 36 0 34 34 0 73 73 0 36 36 0 74 74 0 73 73 0 34 34 0 32 32 0 74 74 0 34 34 0 75 75 0 74 74 0 32 32 0 30 30 0 75 75 0 32 32 0 76 76 0 75 75 0 30 30 0 28 28 0 76 76 0 30 30 0 77 77 0 76 76 0 28 28 0 26 26 0 77 77 0 28 28 0 78 78 0 77 77 0 26 26 0 24 24 0 78 78 0 26 26 0 79 79 0 78 78 0 24 24 0 22 22 0 79 79 0 24 24 0 80 80 0 79 79 0 22 22 0 20 20 0 80 80 0 22 22 0 81 81 0 80 80 0 20 20 0 18 18 0 81 81 0 20 20 0 82 82 0 81 81 0 18 18 0 16 16 0 82 82 0 18 18 0 83 83 0 82 82 0 16 16 0 14 14 0 83 83 0 16 16 0 84 84 0 83 83 0 14 14 0 12 12 0 84 84 0 14 14 0 85 85 0 84 84 0 12 12 0 10 10 0 85 85 0 12 12 0 86 86 0 85 85 0 10 10 0 8 8 0 86 86 0 10 10 0 87 87 0 86 86 0 8 8 0 6 6 0 87 87 0 8 8 0 88 88 0 87 87 0 6 6 0 4 4 0 88 88 0 6 6 0 89 89 0 88 88 0 4 4 0 2 2 0 89 89 0 4 4 0 60 60 0 89 89 0 2 2 0 92 1 0 91 73 0 90 34 0 93 2 0 91 73 0 92 1 0 94 60 0 93 2 0 92 1 0 95 29 0 93 2 0 94 60 0 96 28 0 95 29 0 94 60 0 97 76 0 95 29 0 96 28 0 98 55 0 97 76 0 96 28 0 99 56 0 97 76 0 98 55 0 100 63 0 99 56 0 98 55 0 101 23 0 99 56 0 100 63 0 102 22 0 101 23 0 100 63 0 103 79 0 101 23 0 102 22 0 104 49 0 103 79 0 102 22 0 105 50 0 103 79 0 104 49 0 106 66 0 105 50 0 104 49 0 107 17 0 105 50 0 106 66 0 108 16 0 107 17 0 106 66 0 109 82 0 107 17 0 108 16 0 110 43 0 109 82 0 108 16 0 111 44 0 109 82 0 110 43 0 112 69 0 111 44 0 110 43 0 113 11 0 111 44 0 112 69 0 114 10 0 113 11 0 112 69 0 115 85 0 113 11 0 114 10 0 116 37 0 115 85 0 114 10 0 117 38 0 115 85 0 116 37 0 118 72 0 117 38 0 116 37 0 119 5 0 117 38 0 118 72 0 120 4 0 119 5 0 118 72 0 121 88 0 119 5 0 120 4 0 122 31 0 121 88 0 120 4 0 123 32 0 121 88 0 122 31 0 124 75 0 123 32 0 122 31 0 125 59 0 123 32 0 124 75 0 126 58 0 125 59 0 124 75 0 127 61 0 125 59 0 126 58 0 128 25 0 127 61 0 126 58 0 129 26 0 127 61 0 128 25 0 130 78 0 129 26 0 128 25 0 131 53 0 129 26 0 130 78 0 132 52 0 131 53 0 130 78 0 133 64 0 131 53 0 132 52 0 134 19 0 133 64 0 132 52 0 135 20 0 133 64 0 134 19 0 136 81 0 135 20 0 134 19 0 137 47 0 135 20 0 136 81 0 138 46 0 137 47 0 136 81 0 139 67 0 137 47 0 138 46 0 140 13 0 139 67 0 138 46 0 141 14 0 139 67 0 140 13 0 142 84 0 141 14 0 140 13 0 143 41 0 141 14 0 142 84 0 144 40 0 143 41 0 142 84 0 145 70 0 143 41 0 144 40 0 146 7 0 145 70 0 144 40 0 147 8 0 145 70 0 146 7 0 148 87 0 147 8 0 146 7 0 149 35 0 147 8 0 148 87 0 90 34 0 149 35 0 148 87 0 91 73 0 149 35 0 90 34 0 151 0 0 92 1 0 150 74 0 94 60 0 92 1 0 151 0 0 152 27 0 94 60 0 151 0 0 96 28 0 94 60 0 152 27 0 153 77 0 96 28 0 152 27 0 98 55 0 96 28 0 153 77 0 154 54 0 98 55 0 153 77 0 100 63 0 98 55 0 154 54 0 155 21 0 100 63 0 154 54 0 102 22 0 100 63 0 155 21 0 156 80 0 102 22 0 155 21 0 104 49 0 102 22 0 156 80 0 157 48 0 104 49 0 156 80 0 106 66 0 104 49 0 157 48 0 158 15 0 106 66 0 157 48 0 108 16 0 106 66 0 158 15 0 159 83 0 108 16 0 158 15 0 110 43 0 108 16 0 159 83 0 160 42 0 110 43 0 159 83 0 112 69 0 110 43 0 160 42 0 161 9 0 112 69 0 160 42 0 114 10 0 112 69 0 161 9 0 162 86 0 114 10 0 161 9 0 116 37 0 114 10 0 162 86 0 163 36 0 116 37 0 162 86 0 118 72 0 116 37 0 163 36 0 164 3 0 118 72 0 163 36 0 120 4 0 118 72 0 164 3 0 165 89 0 120 4 0 164 3 0 122 31 0 120 4 0 165 89 0 166 30 0 122 31 0 165 89 0 124 75 0 122 31 0 166 30 0 167 57 0 124 75 0 166 30 0 126 58 0 124 75 0 167 57 0 168 62 0 126 58 0 167 57 0 128 25 0 126 58 0 168 62 0 169 24 0 128 25 0 168 62 0 130 78 0 128 25 0 169 24 0 170 51 0 130 78 0 169 24 0 132 52 0 130 78 0 170 51 0 171 65 0 132 52 0 170 51 0 134 19 0 132 52 0 171 65 0 172 18 0 134 19 0 171 65 0 136 81 0 134 19 0 172 18 0 173 45 0 136 81 0 172 18 0 138 46 0 136 81 0 173 45 0 174 68 0 138 46 0 173 45 0 140 13 0 138 46 0 174 68 0 175 12 0 140 13 0 174 68 0 142 84 0 140 13 0 175 12 0 176 39 0 142 84 0 175 12 0 144 40 0 142 84 0 176 39 0 177 71 0 144 40 0 176 39 0 146 7 0 144 40 0 177 71 0 178 6 0 146 7 0 177 71 0 148 87 0 146 7 0 178 6 0 179 33 0 148 87 0 178 6 0 90 34 0 148 87 0 179 33 0 150 74 0 90 34 0 179 33 0 92 1 0 90 34 0 150 74 0 3 3 0 73 73 0 1 1 0 72 72 0 73 73 0 3 3 0 5 5 0 72 72 0 3 3 0 71 71 0 72 72 0 5 5 0 7 7 0 71 71 0 5 5 0 70 70 0 71 71 0 7 7 0 9 9 0 70 70 0 7 7 0 69 69 0 70 70 0 9 9 0 11 11 0 69 69 0 9 9 0 68 68 0 69 69 0 11 11 0 13 13 0 68 68 0 11 11 0 67 67 0 68 68 0 13 13 0 15 15 0 67 67 0 13 13 0 66 66 0 67 67 0 15 15 0 17 17 0 66 66 0 15 15 0 65 65 0 66 66 0 17 17 0 19 19 0 65 65 0 17 17 0 64 64 0 65 65 0 19 19 0 21 21 0 64 64 0 19 19 0 63 63 0 64 64 0 21 21 0 23 23 0 63 63 0 21 21 0 62 62 0 63 63 0 23 23 0 25 25 0 62 62 0 23 23 0 61 61 0 62 62 0 25 25 0 27 27 0 61 61 0 25 25 0 60 60 0 61 61 0 27 27 0 29 29 0 60 60 0 27 27 0 89 89 0 60 60 0 29 29 0 31 31 0 89 89 0 29 29 0 88 88 0 89 89 0 31 31 0 33 33 0 88 88 0 31 31 0 87 87 0 88 88 0 33 33 0 35 35 0 87 87 0 33 33 0 86 86 0 87 87 0 35 35 0 37 37 0 86 86 0 35 35 0 85 85 0 86 86 0 37 37 0 39 39 0 85 85 0 37 37 0 84 84 0 85 85 0 39 39 0 41 41 0 84 84 0 39 39 0 83 83 0 84 84 0 41 41 0 43 43 0 83 83 0 41 41 0 82 82 0 83 83 0 43 43 0 45 45 0 82 82 0 43 43 0 81 81 0 82 82 0 45 45 0 47 47 0 81 81 0 45 45 0 80 80 0 81 81 0 47 47 0 49 49 0 80 80 0 47 47 0 79 79 0 80 80 0 49 49 0 51 51 0 79 79 0 49 49 0 78 78 0 79 79 0 51 51 0 53 53 0 78 78 0 51 51 0 77 77 0 78 78 0 53 53 0 55 55 0 77 77 0 53 53 0 76 76 0 77 77 0 55 55 0 57 57 0 76 76 0 55 55 0 75 75 0 76 76 0 57 57 0 59 59 0 75 75 0 57 57 0 74 74 0 75 75 0 59 59 0 1 1 0 74 74 0 59 59 0 73 73 0 74 74 0 1 1 0 150 74 0 125 59 0 151 0 0 123 32 0 125 59 0 150 74 0 179 33 0 123 32 0 150 74 0 121 88 0 123 32 0 179 33 0 178 6 0 121 88 0 179 33 0 119 5 0 121 88 0 178 6 0 177 71 0 119 5 0 178 6 0 117 38 0 119 5 0 177 71 0 176 39 0 117 38 0 177 71 0 115 85 0 117 38 0 176 39 0 175 12 0 115 85 0 176 39 0 113 11 0 115 85 0 175 12 0 174 68 0 113 11 0 175 12 0 111 44 0 113 11 0 174 68 0 173 45 0 111 44 0 174 68 0 109 82 0 111 44 0 173 45 0 172 18 0 109 82 0 173 45 0 107 17 0 109 82 0 172 18 0 171 65 0 107 17 0 172 18 0 105 50 0 107 17 0 171 65 0 170 51 0 105 50 0 171 65 0 103 79 0 105 50 0 170 51 0 169 24 0 103 79 0 170 51 0 101 23 0 103 79 0 169 24 0 168 62 0 101 23 0 169 24 0 99 56 0 101 23 0 168 62 0 167 57 0 99 56 0 168 62 0 97 76 0 99 56 0 167 57 0 166 30 0 97 76 0 167 57 0 95 29 0 97 76 0 166 30 0 165 89 0 95 29 0 166 30 0 93 2 0 95 29 0 165 89 0 164 3 0 93 2 0 165 89 0 91 73 0 93 2 0 164 3 0 163 36 0 91 73 0 164 3 0 149 35 0 91 73 0 163 36 0 162 86 0 149 35 0 163 36 0 147 8 0 149 35 0 162 86 0 161 9 0 147 8 0 162 86 0 145 70 0 147 8 0 161 9 0 160 42 0 145 70 0 161 9 0 143 41 0 145 70 0 160 42 0 159 83 0 143 41 0 160 42 0 141 14 0 143 41 0 159 83 0 158 15 0 141 14 0 159 83 0 139 67 0 141 14 0 158 15 0 157 48 0 139 67 0 158 15 0 137 47 0 139 67 0 157 48 0 156 80 0 137 47 0 157 48 0 135 20 0 137 47 0 156 80 0 155 21 0 135 20 0 156 80 0 133 64 0 135 20 0 155 21 0 154 54 0 133 64 0 155 21 0 131 53 0 133 64 0 154 54 0 153 77 0 131 53 0 154 54 0 129 26 0 131 53 0 153 77 0 152 27 0 129 26 0 153 77 0 127 61 0 129 26 0 152 27 0 151 0 0 127 61 0 152 27 0 125 59 0 127 61 0 151 0 0 182 92 1 181 91 1 180 90 1 183 93 1 181 91 1 182 92 1 184 94 1 183 93 1 182 92 1 185 95 1 183 93 1 184 94 1 186 96 1 185 95 1 184 94 1 187 97 1 185 95 1 186 96 1 188 98 1 187 97 1 186 96 1 189 99 1 187 97 1 188 98 1 190 100 1 189 99 1 188 98 1 191 101 1 189 99 1 190 100 1 192 102 1 191 101 1 190 100 1 193 103 1 191 101 1 192 102 1 194 104 1 193 103 1 192 102 1 195 105 1 193 103 1 194 104 1 196 106 1 195 105 1 194 104 1 197 107 1 195 105 1 196 106 1 198 108 1 197 107 1 196 106 1 199 109 1 197 107 1 198 108 1 200 110 1 199 109 1 198 108 1 201 111 1 199 109 1 200 110 1 202 112 1 201 111 1 200 110 1 203 113 1 201 111 1 202 112 1 204 114 1 203 113 1 202 112 1 205 115 1 203 113 1 204 114 1 206 116 1 205 115 1 204 114 1 207 117 1 205 115 1 206 116 1 208 118 1 207 117 1 206 116 1 209 119 1 207 117 1 208 118 1 210 120 1 209 119 1 208 118 1 211 121 1 209 119 1 210 120 1 212 122 1 211 121 1 210 120 1 213 123 1 211 121 1 212 122 1 214 124 1 213 123 1 212 122 1 215 125 1 213 123 1 214 124 1 216 126 1 215 125 1 214 124 1 217 127 1 215 125 1 216 126 1 218 128 1 217 127 1 216 126 1 219 129 1 217 127 1 218 128 1 220 130 1 219 129 1 218 128 1 221 131 1 219 129 1 220 130 1 222 132 1 221 131 1 220 130 1 223 133 1 221 131 1 222 132 1 226 136 2 225 135 2 224 134 2 227 137 2 225 135 2 226 136 2 228 138 2 227 137 2 226 136 2 229 139 2 227 137 2 228 138 2 230 140 2 229 139 2 228 138 2 231 141 2 229 139 2 230 140 2 232 142 2 231 141 2 230 140 2 233 143 2 231 141 2 232 142 2 234 144 2 233 143 2 232 142 2 235 145 2 233 143 2 234 144 2 236 146 2 235 145 2 234 144 2 237 147 2 235 145 2 236 146 2 238 148 2 237 147 2 236 146 2 239 105 2 237 147 2 238 148 2 240 149 2 239 105 2 238 148 2 241 150 2 239 105 2 240 149 2 242 151 2 241 150 2 240 149 2 243 152 2 241 150 2 242 151 2 244 153 2 243 152 2 242 151 2 245 154 2 243 152 2 244 153 2 246 155 2 245 154 2 244 153 2 247 156 2 245 154 2 246 155 2 248 157 2 247 156 2 246 155 2 249 158 2 247 156 2 248 157 2 250 159 2 249 158 2 248 157 2 251 160 2 249 158 2 250 159 2 252 161 2 251 160 2 250 159 2 253 162 2 251 160 2 252 161 2 254 163 2 253 162 2 252 161 2 255 164 2 253 162 2 254 163 2 256 165 2 255 164 2 254 163 2 257 166 2 255 164 2 256 165 2 258 167 2 257 166 2 256 165 2 259 168 2 257 166 2 258 167 2 260 169 2 259 168 2 258 167 2 261 170 2 259 168 2 260 169 2 262 171 2 261 170 2 260 169 2 263 172 2 261 170 2 262 171 2 264 173 2 263 172 2 262 171 2 265 174 2 263 172 2 264 173 2 266 175 2 265 174 2 264 173 2 223 133 2 265 174 2 266 175 2 269 178 3 268 177 3 267 176 3 270 179 3 268 177 3 269 178 3 271 180 3 270 179 3 269 178 3 272 181 3 270 179 3 271 180 3 273 182 3 272 181 3 271 180 3 274 183 3 272 181 3 273 182 3 275 184 3 274 183 3 273 182 3 276 185 3 274 183 3 275 184 3 277 186 3 276 185 3 275 184 3 278 187 3 276 185 3 277 186 3 279 188 3 278 187 3 277 186 3 280 189 3 278 187 3 279 188 3 281 190 3 280 189 3 279 188 3 282 191 3 280 189 3 281 190 3 283 192 3 282 191 3 281 190 3 284 193 3 282 191 3 283 192 3 285 194 3 284 193 3 283 192 3 286 195 3 284 193 3 285 194 3 267 176 3 286 195 3 285 194 3 268 177 3 286 195 3 267 176 3 289 178 4 288 177 4 287 176 4 290 179 4 288 177 4 289 178 4 291 180 4 290 179 4 289 178 4 292 181 4 290 179 4 291 180 4 293 182 4 292 181 4 291 180 4 294 183 4 292 181 4 293 182 4 295 184 4 294 183 4 293 182 4 296 185 4 294 183 4 295 184 4 297 186 4 296 185 4 295 184 4 298 187 4 296 185 4 297 186 4 299 188 4 298 187 4 297 186 4 300 189 4 298 187 4 299 188 4 301 190 4 300 189 4 299 188 4 302 191 4 300 189 4 301 190 4 303 192 4 302 191 4 301 190 4 304 193 4 302 191 4 303 192 4 305 194 4 304 193 4 303 192 4 306 195 4 304 193 4 305 194 4 287 176 4 306 195 4 305 194 4 288 177 4 306 195 4 287 176 4 309 198 5 308 197 5 307 196 5 310 199 5 308 197 5 309 198 5 311 200 5 310 199 5 309 198 5 312 201 5 310 199 5 311 200 5 313 202 5 312 201 5 311 200 5 314 203 5 312 201 5 313 202 5 315 204 5 314 203 5 313 202 5 316 205 5 314 203 5 315 204 5 317 206 5 316 205 5 315 204 5 318 207 5 316 205 5 317 206 5 319 208 5 318 207 5 317 206 5 320 209 5 318 207 5 319 208 5 321 210 5 320 209 5 319 208 5 322 211 5 320 209 5 321 210 5 323 212 5 322 211 5 321 210 5 324 213 5 322 211 5 323 212 5 325 214 5 324 213 5 323 212 5 326 215 5 324 213 5 325 214 5 307 196 5 326 215 5 325 214 5 308 197 5 326 215 5 307 196 5 329 218 3 328 217 3 327 216 3 330 219 3 328 217 3 329 218 3 331 220 3 330 219 3 329 218 3 332 221 3 330 219 3 331 220 3 333 222 3 332 221 3 331 220 3 334 223 3 332 221 3 333 222 3 335 224 3 334 223 3 333 222 3 336 225 3 334 223 3 335 224 3 337 226 3 336 225 3 335 224 3 338 227 3 336 225 3 337 226 3 339 228 3 338 227 3 337 226 3 340 229 3 338 227 3 339 228 3 341 230 3 340 229 3 339 228 3 342 231 3 340 229 3 341 230 3 343 232 3 342 231 3 341 230 3 344 233 3 342 231 3 343 232 3 345 234 3 344 233 3 343 232 3 346 235 3 344 233 3 345 234 3 327 216 3 346 235 3 345 234 3 328 217 3 346 235 3 327 216 3 349 218 4 348 217 4 347 216 4 350 219 4 348 217 4 349 218 4 351 220 4 350 219 4 349 218 4 352 221 4 350 219 4 351 220 4 353 222 4 352 221 4 351 220 4 354 223 4 352 221 4 353 222 4 355 224 4 354 223 4 353 222 4 356 225 4 354 223 4 355 224 4 357 226 4 356 225 4 355 224 4 358 227 4 356 225 4 357 226 4 359 228 4 358 227 4 357 226 4 360 229 4 358 227 4 359 228 4 361 230 4 360 229 4 359 228 4 362 231 4 360 229 4 361 230 4 363 232 4 362 231 4 361 230 4 364 233 4 362 231 4 363 232 4 365 234 4 364 233 4 363 232 4 366 235 4 364 233 4 365 234 4 347 216 4 366 235 4 365 234 4 348 217 4 366 235 4 347 216 4 350 219 4 367 236 4 348 217 4 368 237 4 367 236 4 350 219 4 352 221 4 368 237 4 350 219 4 369 238 4 368 237 4 352 221 4 354 223 4 369 238 4 352 221 4 370 239 4 369 238 4 354 223 4 356 225 4 370 239 4 354 223 4 371 240 4 370 239 4 356 225 4 358 227 4 371 240 4 356 225 4 372 241 4 371 240 4 358 227 4 360 229 4 372 241 4 358 227 4 373 242 4 372 241 4 360 229 4 362 231 4 373 242 4 360 229 4 374 243 4 373 242 4 362 231 4 364 233 4 374 243 4 362 231 4 375 244 4 374 243 4 364 233 4 366 235 4 375 244 4 364 233 4 376 245 4 375 244 4 366 235 4 348 217 4 376 245 4 366 235 4 367 236 4 376 245 4 348 217 4 379 248 4 378 247 4 377 246 4 380 249 4 378 247 4 379 248 4 381 250 4 380 249 4 379 248 4 382 251 4 380 249 4 381 250 4 383 252 4 382 251 4 381 250 4 384 253 4 382 251 4 383 252 4 385 254 4 384 253 4 383 252 4 386 255 4 384 253 4 385 254 4 387 256 4 386 255 4 385 254 4 388 257 4 386 255 4 387 256 4 389 258 4 388 257 4 387 256 4 390 259 4 388 257 4 389 258 4 391 260 4 390 259 4 389 258 4 392 261 4 390 259 4 391 260 4 393 262 4 392 261 4 391 260 4 394 263 4 392 261 4 393 262 4 395 264 4 394 263 4 393 262 4 396 265 4 394 263 4 395 264 4 377 246 4 396 265 4 395 264 4 378 247 4 396 265 4 377 246 4 380 249 4 397 266 4 378 247 4 398 267 4 397 266 4 380 249 4 382 251 4 398 267 4 380 249 4 399 268 4 398 267 4 382 251 4 384 253 4 399 268 4 382 251 4 400 108 4 399 268 4 384 253 4 386 255 4 400 108 4 384 253 4 401 269 4 400 108 4 386 255 4 388 257 4 401 269 4 386 255 4 402 270 4 401 269 4 388 257 4 390 259 4 402 270 4 388 257 4 403 271 4 402 270 4 390 259 4 392 261 4 403 271 4 390 259 4 404 272 4 403 271 4 392 261 4 394 263 4 404 272 4 392 261 4 405 273 4 404 272 4 394 263 4 396 265 4 405 273 4 394 263 4 406 274 4 405 273 4 396 265 4 378 247 4 406 274 4 396 265 4 397 266 4 406 274 4 378 247 4 398 267 4 407 275 4 397 266 4 408 276 4 407 275 4 398 267 4 399 268 4 408 276 4 398 267 4 409 277 4 408 276 4 399 268 4 400 108 4 409 277 4 399 268 4 410 278 4 409 277 4 400 108 4 401 269 4 410 278 4 400 108 4 411 279 4 410 278 4 401 269 4 402 270 4 411 279 4 401 269 4 412 280 4 411 279 4 402 270 4 403 271 4 412 280 4 402 270 4 413 281 4 412 280 4 403 271 4 404 272 4 413 281 4 403 271 4 414 282 4 413 281 4 404 272 4 405 273 4 414 282 4 404 272 4 415 283 4 414 282 4 405 273 4 406 274 4 415 283 4 405 273 4 416 284 4 415 283 4 406 274 4 397 266 4 416 284 4 406 274 4 407 275 4 416 284 4 397 266 4 408 276 4 417 285 4 407 275 4 418 286 4 417 285 4 408 276 4 409 277 4 418 286 4 408 276 4 419 287 4 418 286 4 409 277 4 410 278 4 419 287 4 409 277 4 420 288 4 419 287 4 410 278 4 411 279 4 420 288 4 410 278 4 421 289 4 420 288 4 411 279 4 412 280 4 421 289 4 411 279 4 422 290 4 421 289 4 412 280 4 413 281 4 422 290 4 412 280 4 423 291 4 422 290 4 413 281 4 414 282 4 423 291 4 413 281 4 424 292 4 423 291 4 414 282 4 415 283 4 424 292 4 414 282 4 425 293 4 424 292 4 415 283 4 416 284 4 425 293 4 415 283 4 426 294 4 425 293 4 416 284 4 407 275 4 426 294 4 416 284 4 417 285 4 426 294 4 407 275 4 368 237 4 287 176 4 367 236 4 289 178 4 287 176 4 368 237 4 369 238 4 289 178 4 368 237 4 291 180 4 289 178 4 369 238 4 370 239 4 291 180 4 369 238 4 293 182 4 291 180 4 370 239 4 371 240 4 293 182 4 370 239 4 295 184 4 293 182 4 371 240 4 372 241 4 295 184 4 371 240 4 297 186 4 295 184 4 372 241 4 373 242 4 297 186 4 372 241 4 299 188 4 297 186 4 373 242 4 374 243 4 299 188 4 373 242 4 301 190 4 299 188 4 374 243 4 375 244 4 301 190 4 374 243 4 303 192 4 301 190 4 375 244 4 376 245 4 303 192 4 375 244 4 305 194 4 303 192 4 376 245 4 367 236 4 305 194 4 376 245 4 287 176 4 305 194 4 367 236 4 429 297 6 428 296 7 427 295 6 430 298 7 428 296 7 429 297 6 431 299 6 430 298 7 429 297 6 432 300 7 430 298 7 431 299 6 433 301 6 432 300 7 431 299 6 434 302 7 432 300 7 433 301 6 435 303 6 434 302 7 433 301 6 436 304 7 434 302 7 435 303 6 437 305 6 436 304 7 435 303 6 438 306 7 436 304 7 437 305 6 439 307 6 438 306 7 437 305 6 440 308 7 438 306 7 439 307 6 441 309 6 440 308 7 439 307 6 442 310 7 440 308 7 441 309 6 443 311 6 442 310 7 441 309 6 444 312 7 442 310 7 443 311 6 445 313 6 444 312 7 443 311 6 446 314 7 444 312 7 445 313 6 427 295 6 446 314 7 445 313 6 428 296 7 446 314 7 427 295 6 428 296 7 447 315 8 446 314 7 448 316 8 447 315 8 428 296 7 430 298 7 448 316 8 428 296 7 449 317 8 448 316 8 430 298 7 432 300 7 449 317 8 430 298 7 450 318 8 449 317 8 432 300 7 434 302 7 450 318 8 432 300 7 451 319 8 450 318 8 434 302 7 436 304 7 451 319 8 434 302 7 452 320 8 451 319 8 436 304 7 438 306 7 452 320 8 436 304 7 453 321 8 452 320 8 438 306 7 440 308 7 453 321 8 438 306 7 454 322 8 453 321 8 440 308 7 442 310 7 454 322 8 440 308 7 455 323 8 454 322 8 442 310 7 444 312 7 455 323 8 442 310 7 456 324 8 455 323 8 444 312 7 446 314 7 456 324 8 444 312 7 447 315 8 456 324 8 446 314 7 458 326 5 309 198 5 457 325 5 311 200 5 309 198 5 458 326 5 459 327 5 311 200 5 458 326 5 313 202 5 311 200 5 459 327 5 460 328 5 313 202 5 459 327 5 315 204 5 313 202 5 460 328 5 461 329 5 315 204 5 460 328 5 317 206 5 315 204 5 461 329 5 462 330 5 317 206 5 461 329 5 319 208 5 317 206 5 462 330 5 463 331 5 319 208 5 462 330 5 321 210 5 319 208 5 463 331 5 464 332 5 321 210 5 463 331 5 323 212 5 321 210 5 464 332 5 465 333 5 323 212 5 464 332 5 325 214 5 323 212 5 465 333 5 466 334 5 325 214 5 465 333 5 307 196 5 325 214 5 466 334 5 457 325 5 307 196 5 466 334 5 309 198 5 307 196 5 457 325 5 308 197 5 467 296 5 326 215 5 468 298 5 467 296 5 308 197 5 310 199 5 468 298 5 308 197 5 469 300 5 468 298 5 310 199 5 312 201 5 469 300 5 310 199 5 470 302 5 469 300 5 312 201 5 314 203 5 470 302 5 312 201 5 471 304 5 470 302 5 314 203 5 316 205 5 471 304 5 314 203 5 472 306 5 471 304 5 316 205 5 318 207 5 472 306 5 316 205 5 473 308 5 472 306 5 318 207 5 320 209 5 473 308 5 318 207 5 474 310 5 473 308 5 320 209 5 322 211 5 474 310 5 320 209 5 475 312 5 474 310 5 322 211 5 324 213 5 475 312 5 322 211 5 476 314 5 475 312 5 324 213 5 326 215 5 476 314 5 324 213 5 467 296 5 476 314 5 326 215 5 467 296 5 477 315 5 476 314 5 478 316 5 477 315 5 467 296 5 468 298 5 478 316 5 467 296 5 479 317 5 478 316 5 468 298 5 469 300 5 479 317 5 468 298 5 480 318 5 479 317 5 469 300 5 470 302 5 480 318 5 469 300 5 481 319 5 480 318 5 470 302 5 471 304 5 481 319 5 470 302 5 482 320 5 481 319 5 471 304 5 472 306 5 482 320 5 471 304 5 483 321 5 482 320 5 472 306 5 473 308 5 483 321 5 472 306 5 484 322 5 483 321 5 473 308 5 474 310 5 484 322 5 473 308 5 485 323 5 484 322 5 474 310 5 475 312 5 485 323 5 474 310 5 486 324 5 485 323 5 475 312 5 476 314 5 486 324 5 475 312 5 477 315 5 486 324 5 476 314 5 489 336 6 488 176 7 487 335 6 490 178 7 488 176 7 489 336 6 491 337 6 490 178 7 489 336 6 492 180 7 490 178 7 491 337 6 493 338 6 492 180 7 491 337 6 494 182 7 492 180 7 493 338 6 495 339 6 494 182 7 493 338 6 496 184 7 494 182 7 495 339 6 497 340 6 496 184 7 495 339 6 498 186 7 496 184 7 497 340 6 499 341 6 498 186 7 497 340 6 500 188 7 498 186 7 499 341 6 501 342 6 500 188 7 499 341 6 502 190 7 500 188 7 501 342 6 503 343 6 502 190 7 501 342 6 504 192 7 502 190 7 503 343 6 505 344 6 504 192 7 503 343 6 506 194 7 504 192 7 505 344 6 487 335 6 506 194 7 505 344 6 488 176 7 506 194 7 487 335 6 490 178 7 507 177 8 488 176 7 508 179 8 507 177 8 490 178 7 492 180 7 508 179 8 490 178 7 509 181 8 508 179 8 492 180 7 494 182 7 509 181 8 492 180 7 510 183 8 509 181 8 494 182 7 496 184 7 510 183 8 494 182 7 511 185 8 510 183 8 496 184 7 498 186 7 511 185 8 496 184 7 512 187 8 511 185 8 498 186 7 500 188 7 512 187 8 498 186 7 513 189 8 512 187 8 500 188 7 502 190 7 513 189 8 500 188 7 514 191 8 513 189 8 502 190 7 504 192 7 514 191 8 502 190 7 515 193 8 514 191 8 504 192 7 506 194 7 515 193 8 504 192 7 516 195 8 515 193 8 506 194 7 488 176 7 516 195 8 506 194 7 507 177 8 516 195 8 488 176 7 330 219 3 517 236 3 328 217 3 518 237 3 517 236 3 330 219 3 332 221 3 518 237 3 330 219 3 519 238 3 518 237 3 332 221 3 334 223 3 519 238 3 332 221 3 520 239 3 519 238 3 334 223 3 336 225 3 520 239 3 334 223 3 521 240 3 520 239 3 336 225 3 338 227 3 521 240 3 336 225 3 522 241 3 521 240 3 338 227 3 340 229 3 522 241 3 338 227 3 523 242 3 522 241 3 340 229 3 342 231 3 523 242 3 340 229 3 524 243 3 523 242 3 342 231 3 344 233 3 524 243 3 342 231 3 525 244 3 524 243 3 344 233 3 346 235 3 525 244 3 344 233 3 526 245 3 525 244 3 346 235 3 328 217 3 526 245 3 346 235 3 517 236 3 526 245 3 328 217 3 518 237 3 267 176 3 517 236 3 269 178 3 267 176 3 518 237 3 519 238 3 269 178 3 518 237 3 271 180 3 269 178 3 519 238 3 520 239 3 271 180 3 519 238 3 273 182 3 271 180 3 520 239 3 521 240 3 273 182 3 520 239 3 275 184 3 273 182 3 521 240 3 522 241 3 275 184 3 521 240 3 277 186 3 275 184 3 522 241 3 523 242 3 277 186 3 522 241 3 279 188 3 277 186 3 523 242 3 524 243 3 279 188 3 523 242 3 281 190 3 279 188 3 524 243 3 525 244 3 281 190 3 524 243 3 283 192 3 281 190 3 525 244 3 526 245 3 283 192 3 525 244 3 285 194 3 283 192 3 526 245 3 517 236 3 285 194 3 526 245 3 267 176 3 285 194 3 517 236 3 528 346 9 242 151 9 527 345 9 244 153 9 242 151 9 528 346 9 529 347 9 244 153 9 528 346 9 246 155 9 244 153 9 529 347 9 530 348 9 246 155 9 529 347 9 260 169 9 246 155 9 530 348 9 531 349 9 260 169 9 530 348 9 262 171 9 260 169 9 531 349 9 532 350 9 262 171 9 531 349 9 264 173 9 262 171 9 532 350 9 266 175 9 264 173 9 532 350 9 535 353 10 534 352 11 533 351 10 536 354 11 534 352 11 535 353 10 537 355 10 536 354 11 535 353 10 538 356 11 536 354 11 537 355 10 539 357 10 538 356 11 537 355 10 540 358 11 538 356 11 539 357 10 541 359 10 540 358 11 539 357 10 542 360 11 540 358 11 541 359 10 533 351 10 542 360 11 541 359 10 534 352 11 542 360 11 533 351 10 545 363 10 544 362 11 543 361 10 546 364 11 544 362 11 545 363 10 547 365 10 546 364 11 545 363 10 548 366 11 546 364 11 547 365 10 549 367 10 548 366 11 547 365 10 550 368 11 548 366 11 549 367 10 551 369 10 550 368 11 549 367 10 552 370 11 550 368 11 551 369 10 543 361 10 552 370 11 551 369 10 544 362 11 552 370 11 543 361 10 554 372 9 553 371 9 527 345 9 555 148 9 553 371 9 554 372 9 556 373 9 555 148 9 554 372 9 557 374 9 555 148 9 556 373 9 558 375 9 557 374 9 556 373 9 250 159 9 254 163 9 252 161 9 256 165 9 254 163 9 250 159 9 248 157 9 256 165 9 250 159 9 258 167 9 256 165 9 248 157 9 260 169 9 258 167 9 248 157 9 232 142 9 236 146 9 234 144 9 238 148 9 236 146 9 232 142 9 230 140 9 238 148 9 232 142 9 240 149 9 238 148 9 230 140 9 242 151 9 240 149 9 230 140 9 228 138 9 242 151 9 230 140 9 527 345 9 242 151 9 228 138 9 559 376 9 527 345 9 228 138 9 554 372 9 527 345 9 559 376 9 560 377 5 486 324 5 477 315 5 485 323 5 486 324 5 560 377 5 484 322 5 485 323 5 560 377 5 561 378 4 424 292 4 425 293 4 423 291 4 424 292 4 561 378 4 422 290 4 423 291 4 561 378 4 562 378 4 288 177 4 290 179 4 306 195 4 288 177 4 562 378 4 304 193 4 306 195 4 562 378 4 563 378 12 507 177 8 508 179 8 516 195 8 507 177 8 563 378 12 515 193 8 516 195 8 563 378 12 563 378 12 514 191 8 515 193 8 513 189 8 514 191 8 563 378 12 512 187 8 513 189 8 563 378 12 561 378 4 421 289 4 422 290 4 420 288 4 421 289 4 561 378 4 419 287 4 420 288 4 561 378 4 562 378 4 296 185 4 298 187 4 294 183 4 296 185 4 562 378 4 292 181 4 294 183 4 562 378 4 226 136 9 559 376 9 228 138 9 564 379 9 559 376 9 226 136 9 565 380 9 564 379 9 226 136 9 566 380 9 530 348 9 529 347 9 567 381 9 530 348 9 566 380 9 568 382 9 567 381 9 566 380 9 569 378 3 268 177 3 270 179 3 286 195 3 268 177 3 569 378 3 284 193 3 286 195 3 569 378 3 569 378 3 282 191 3 284 193 3 280 189 3 282 191 3 569 378 3 278 187 3 280 189 3 569 378 3 563 378 12 511 185 8 512 187 8 510 183 8 511 185 8 563 378 12 509 181 8 510 183 8 563 378 12 570 377 12 456 324 8 447 315 8 455 323 8 456 324 8 570 377 12 454 322 8 455 323 8 570 377 12 571 378 14 534 352 13 536 354 13 542 360 13 534 352 13 571 378 14 540 358 13 542 360 13 571 378 14 562 378 4 302 191 4 304 193 4 300 189 4 302 191 4 562 378 4 298 187 4 300 189 4 562 378 4 572 378 14 544 362 13 546 364 13 552 370 13 544 362 13 572 378 14 550 368 13 552 370 13 572 378 14 561 378 4 417 285 4 418 286 4 426 294 4 417 285 4 561 378 4 425 293 4 426 294 4 561 378 4 569 378 3 276 185 3 278 187 3 274 183 3 276 185 3 569 378 3 272 181 3 274 183 3 569 378 3 266 175 15 221 131 15 223 133 15 532 350 15 221 131 15 266 175 15 575 385 9 574 384 9 573 383 9 568 382 9 574 384 9 575 385 9 571 378 14 538 356 13 540 358 13 536 354 13 538 356 13 571 378 14 181 91 15 564 379 15 565 380 15 183 93 15 564 379 15 181 91 15 572 378 14 548 366 13 550 368 13 546 364 13 548 366 13 572 378 14 183 93 15 559 376 15 564 379 15 185 95 15 559 376 15 183 93 15 185 95 15 554 372 15 559 376 15 187 97 15 554 372 15 185 95 15 187 97 15 556 373 15 554 372 15 189 99 15 556 373 15 187 97 15 532 350 15 219 129 15 221 131 15 531 349 15 219 129 15 532 350 15 531 349 15 217 127 15 219 129 15 530 348 15 217 127 15 531 349 15 530 348 15 215 125 15 217 127 15 567 381 15 215 125 15 530 348 15 567 381 15 213 123 15 215 125 15 568 382 15 213 123 15 567 381 15 568 382 15 211 121 15 213 123 15 575 385 15 211 121 15 568 382 15 576 386 17 181 91 16 225 135 16 180 90 17 181 91 16 576 386 17 189 99 15 558 375 15 556 373 15 191 101 15 558 375 15 189 99 15 191 101 15 557 374 15 558 375 15 193 103 15 557 374 15 191 101 15 193 103 15 555 148 15 557 374 15 195 105 15 555 148 15 193 103 15 195 105 15 553 371 15 555 148 15 197 107 15 553 371 15 195 105 15 197 107 15 527 345 15 553 371 15 199 109 15 527 345 15 197 107 15 199 109 15 528 346 15 527 345 15 201 111 15 528 346 15 199 109 15 201 111 15 529 347 15 528 346 15 203 113 15 529 347 15 201 111 15 203 113 15 566 380 15 529 347 15 205 115 15 566 380 15 203 113 15 205 115 15 574 384 15 566 380 15 207 117 15 574 384 15 205 115 15 207 117 15 573 383 15 574 384 15 209 119 15 573 383 15 207 117 15 448 316 8 570 377 12 447 315 8 449 317 8 570 377 12 448 316 8 450 318 8 570 377 12 449 317 8 451 319 8 570 377 12 450 318 8 452 320 8 570 377 12 451 319 8 453 321 8 570 377 12 452 320 8 209 119 15 575 385 15 573 383 15 211 121 15 575 385 15 209 119 15 225 135 18 577 387 18 576 386 18 227 137 18 577 387 18 225 135 18 227 137 18 578 388 18 577 387 18 229 139 18 578 388 18 227 137 18 229 139 18 579 389 18 578 388 18 231 141 18 579 389 18 229 139 18 231 141 18 580 390 18 579 389 18 233 143 18 580 390 18 231 141 18 478 316 5 560 377 5 477 315 5 479 317 5 560 377 5 478 316 5 480 318 5 560 377 5 479 317 5 481 319 5 560 377 5 480 318 5 482 320 5 560 377 5 481 319 5 483 321 5 560 377 5 482 320 5 233 143 18 581 391 18 580 390 18 235 145 18 581 391 18 233 143 18 235 145 18 582 392 18 581 391 18 237 147 18 582 392 18 235 145 18 237 147 18 583 393 18 582 392 18 239 105 18 583 393 18 237 147 18 239 105 18 584 394 18 583 393 18 241 150 18 584 394 18 239 105 18 241 150 18 585 395 18 584 394 18 243 152 18 585 395 18 241 150 18 245 154 18 587 397 18 586 396 18 247 156 18 587 397 18 245 154 18 243 152 18 586 396 18 585 395 18 245 154 18 586 396 18 243 152 18 247 156 18 588 398 18 587 397 18 249 158 18 588 398 18 247 156 18 249 158 18 589 399 18 588 398 18 251 160 18 589 399 18 249 158 18 251 160 18 590 400 18 589 399 18 253 162 18 590 400 18 251 160 18 253 162 18 591 401 18 590 400 18 255 164 18 591 401 18 253 162 18 255 164 18 592 402 18 591 401 18 257 166 18 592 402 18 255 164 18 257 166 18 593 403 18 592 402 18 259 168 18 593 403 18 257 166 18 259 168 18 594 404 18 593 403 18 261 170 18 594 404 18 259 168 18 261 170 18 595 405 18 594 404 18 263 172 18 595 405 18 261 170 18 263 172 18 596 406 18 595 405 18 265 174 18 596 406 18 263 172 18 225 135 19 565 380 19 224 134 19 181 91 19 565 380 19 225 135 19 222 132 18 265 174 18 223 133 18 596 406 18 265 174 18 222 132 18 224 134 9 565 380 9 226 136 9 574 384 9 568 382 9 566 380 9 248 157 9 246 155 9 260 169 9 418 286 4 419 287 4 561 378 4 290 179 4 292 181 4 562 378 4 454 322 8 570 377 12 453 321 8 484 322 5 560 377 5 483 321 5 508 179 8 509 181 8 563 378 12 270 179 3 272 181 3 569 378 3</p>
				</triangles>
			</mesh>
		</geometry>
		<geometry id="polygon2" name="polygon2">
			<mesh>
				<source id="polygon2_Positions">
					<float_array id="polygon2_PosArr" count="162">-12.90234 31.53516 -4.984375 -13.56055 31.54883 -1.599609 -12.26953 35.52344 -4.984375 -12.89648 35.74023 -1.599609 -10.4375 39.11914 -4.984375 -10.9707 39.51953 -1.599609 -7.583984 41.97266 -4.984375 -7.970703 42.51953 -1.599609 -3.986328 43.80664 -4.984375 -4.191406 44.44531 -1.599609 0 44.4375 -4.984375 0 45.10938 -1.599609 3.986328 43.80664 -4.984375 4.191406 44.44531 -1.599609 7.583984 41.97266 -4.984375 7.970703 42.51953 -1.599609 10.4375 39.11914 -4.984375 10.9707 39.51953 -1.599609 12.26953 35.52344 -4.984375 12.89648 35.74023 -1.599609 12.90234 31.53516 -4.984375 13.56055 31.54883 -1.599609 12.90234 0 -4.984375 13.56055 0 -1.599609 -15.2168 36.94336 -1.599609 -12.94336 41.4043 -1.599609 -9.404297 44.94336 -1.599609 -4.943359 47.2168 -1.599609 0 48 -1.599609 4.943359 47.2168 -1.599609 9.404297 44.94336 -1.599609 12.94336 41.4043 -1.599609 15.2168 36.94336 -1.599609 16 32 -1.599609 -13.56055 0 -1.599609 -16 0 -1.599609 -16 32 -1.599609 -12.90234 22.76367 -4.984375 -12.90234 0 -4.984375 -15.2168 36.94336 -4.083984 -16 32 -4.083984 16 0 -1.599609 16 0 -4.083984 16 32 -4.083984 -16 0 -4.083984 -12.94336 41.4043 -4.083984 -9.404297 44.94336 -4.083984 -4.943359 47.2168 -4.083984 0 48 -4.083984 4.943359 47.2168 -4.083984 9.404297 44.94336 -4.083984 12.94336 41.4043 -4.083984 15.2168 36.94336 -4.083984 12.90234 22.76367 -4.984375</float_array>
					<technique_common>
						<accessor source="#polygon2_PosArr" count="54" stride="3">
							<param name="X" type="float" />
							<param name="Y" type="float" />
							<param name="Z" type="float" />
						</accessor>
					</technique_common>
				</source>
				<source id="polygon2_Normals">
					<float_array id="polygon2_NormArr" count="78">0.9785767 -0.07702637 0.1908569 0.9332886 -0.3032227 0.1922607 0.7937622 -0.5766602 0.1932983 0.5765991 -0.7936401 0.1940918 0.3031006 -0.9328613 0.1945801 0 -0.980835 0.1947632 -0.3031006 -0.9328613 0.1946411 -0.5765991 -0.7936401 0.1940918 -0.7937622 -0.5766602 0.1932983 -0.9332886 -0.3032227 0.1922607 -0.9785767 -0.07702637 0.1908569 -0.9815674 0 0.1911621 0 0 1 0.9815674 0 0.1911621 -0.9876709 0.1564331 0 1 0 0 -1 0 0 -0.8909912 0.4539795 0 -0.7070923 0.7070923 0 -0.4539795 0.8909912 0 -0.1564331 0.9876709 0 0.1564331 0.9876709 0 0.4539795 0.8909912 0 0.7070923 0.7070923 0 0.8909912 0.4539795 0 0.9876709 0.1564331 0</float_array>
					<technique_common>
						<accessor source="#polygon2_NormArr" count="26" stride="3">
							<param name="X" type="float" />
							<param name="Y" type="float" />
							<param name="Z" type="float" />
						</accessor>
					</technique_common>
				</source>
				<source id="polygon2_UVs0">
					<float_array id="polygon2_UVArr0" count="54">0.3590393 0.01254272 0.5423584 0.7420349 0.5144958 0.8300171 0.5491638 0.8088379 0.5501099 0.8999329 0.573761 0.8691101 0.6020203 0.9509277 0.6229858 0.9169312 0.6739502 0.987854 0.684967 0.9476318 0.7536926 0.9988403 0.7536926 0.9582214 0.8334351 0.987854 0.8224182 0.9476318 0.9053955 0.9509277 0.8844299 0.9169312 0.9573059 0.8999329 0.9336243 0.8691101 0.9929199 0.8300171 0.9564209 0.8088379 0.9989319 0.7525024 0.9650574 0.7420349 0.9650574 0.2887878 0.5423584 0.2887878 0.5084534 0.2549133 0.5084534 0.7525024 0.9989319 0.2549133</float_array>
					<technique_common>
						<accessor source="#polygon2_UVArr0" count="27" stride="2">
							<param name="S" type="float" />
							<param name="T" type="float" />
						</accessor>
					</technique_common>
				</source>
				<vertices id="polygon2_Vertices">
					<input semantic="POSITION" source="#polygon2_Positions" />
				</vertices>
				<triangles material="mt_obake_door" count="74">
					<input semantic="VERTEX" source="#polygon2_Vertices" offset="0" />
					<input semantic="NORMAL" source="#polygon2_Normals" offset="1" />
					<input semantic="TEXCOORD" source="#polygon2_UVs0" set="0" offset="2" />
					<p>2 1 0 1 0 0 0 0 0 3 1 0 1 0 0 2 1 0 4 2 0 3 1 0 2 1 0 5 2 0 3 1 0 4 2 0 6 3 0 5 2 0 4 2 0 7 3 0 5 2 0 6 3 0 8 4 0 7 3 0 6 3 0 9 4 0 7 3 0 8 4 0 10 5 0 9 4 0 8 4 0 11 5 0 9 4 0 10 5 0 12 6 0 11 5 0 10 5 0 13 6 0 11 5 0 12 6 0 14 7 0 13 6 0 12 6 0 15 7 0 13 6 0 14 7 0 16 8 0 15 7 0 14 7 0 17 8 0 15 7 0 16 8 0 18 9 0 17 8 0 16 8 0 19 9 0 17 8 0 18 9 0 20 10 0 19 9 0 18 9 0 21 10 0 19 9 0 20 10 0 22 11 0 21 10 0 20 10 0 23 11 0 21 10 0 22 11 0 3 12 3 24 12 2 1 12 1 25 12 4 24 12 2 3 12 3 5 12 5 25 12 4 3 12 3 26 12 6 25 12 4 5 12 5 7 12 7 26 12 6 5 12 5 27 12 8 26 12 6 7 12 7 9 12 9 27 12 8 7 12 7 28 12 10 27 12 8 9 12 9 11 12 11 28 12 10 9 12 9 29 12 12 28 12 10 11 12 11 13 12 13 29 12 12 11 12 11 30 12 14 29 12 12 13 12 13 15 12 15 30 12 14 13 12 13 31 12 16 30 12 14 15 12 15 17 12 17 31 12 16 15 12 15 32 12 18 31 12 16 17 12 17 19 12 19 32 12 18 17 12 17 33 12 20 32 12 18 19 12 19 21 12 21 33 12 20 19 12 19 23 12 22 33 12 20 21 12 21 1 12 1 35 12 24 34 12 23 36 12 25 35 12 24 1 12 1 24 12 2 36 12 25 1 12 1 0 0 0 38 13 0 37 13 0 34 13 0 38 13 0 0 0 0 1 0 0 34 13 0 0 0 0 40 14 25 24 14 2 39 14 2 36 14 25 24 14 2 40 14 25 42 15 26 33 15 20 41 15 26 43 15 20 33 15 20 42 15 26 35 16 24 40 16 25 44 16 24 36 16 25 40 16 25 35 16 24 39 17 2 25 17 4 45 17 4 24 17 2 25 17 4 39 17 2 45 18 4 26 18 6 46 18 6 25 18 4 26 18 6 45 18 4 46 19 6 27 19 8 47 19 8 26 19 6 27 19 8 46 19 6 47 20 8 28 20 10 48 20 10 27 20 8 28 20 10 47 20 8 48 21 10 29 21 12 49 21 12 28 21 10 29 21 12 48 21 10 49 22 12 30 22 14 50 22 14 29 22 12 30 22 14 49 22 12 50 23 14 31 23 16 51 23 16 30 23 14 31 23 16 50 23 14 51 24 16 32 24 18 52 24 18 31 24 16 32 24 18 51 24 16 52 25 18 33 25 20 43 25 20 32 25 18 33 25 20 52 25 18 41 12 26 33 12 20 23 12 22 20 10 0 53 11 0 22 11 0</p>
				</triangles>
			</mesh>
		</geometry>
		<geometry id="polygon3" name="polygon3">
			<mesh>
				<source id="polygon3_Positions">
					<float_array id="polygon3_PosArr" count="45">3.986328 43.80664 -4.984375 7.583984 41.97266 -4.984375 -7.583984 41.97266 -4.984375 10.4375 39.11914 -4.984375 -10.4375 39.11914 -4.984375 -12.26953 35.52344 -4.984375 12.90234 0 -4.984375 -12.90234 0 -4.984375 12.90234 22.76367 -4.984375 -12.90234 22.76367 -4.984375 -12.90234 31.53516 -4.984375 0 44.4375 -4.984375 -3.986328 43.80664 -4.984375 12.26953 35.52344 -4.984375 12.90234 31.53516 -4.984375</float_array>
					<technique_common>
						<accessor source="#polygon3_PosArr" count="15" stride="3">
							<param name="X" type="float" />
							<param name="Y" type="float" />
							<param name="Z" type="float" />
						</accessor>
					</technique_common>
				</source>
				<source id="polygon3_Normals">
					<float_array id="polygon3_NormArr" count="3">0 0 1</float_array>
					<technique_common>
						<accessor source="#polygon3_NormArr" count="1" stride="3">
							<param name="X" type="float" />
							<param name="Y" type="float" />
							<param name="Z" type="float" />
						</accessor>
					</technique_common>
				</source>
				<source id="polygon3_UVs0">
					<float_array id="polygon3_UVArr0" count="2">0.953125 0.5859375</float_array>
					<technique_common>
						<accessor source="#polygon3_UVArr0" count="1" stride="2">
							<param name="S" type="float" />
							<param name="T" type="float" />
						</accessor>
					</technique_common>
				</source>
				<vertices id="polygon3_Vertices">
					<input semantic="POSITION" source="#polygon3_Positions" />
				</vertices>
				<triangles material="mt_obake_oku" count="13">
					<input semantic="VERTEX" source="#polygon3_Vertices" offset="0" />
					<input semantic="NORMAL" source="#polygon3_Normals" offset="1" />
					<input semantic="TEXCOORD" source="#polygon3_UVs0" set="0" offset="2" />
					<p>2 0 0 1 0 0 0 0 0 3 0 0 1 0 0 2 0 0 4 0 0 3 0 0 2 0 0 5 0 0 3 0 0 4 0 0 8 0 0 7 0 0 6 0 0 9 0 0 7 0 0 8 0 0 10 0 0 9 0 0 8 0 0 12 0 0 0 0 0 11 0 0 2 0 0 0 0 0 12 0 0 5 0 0 13 0 0 3 0 0 10 0 0 13 0 0 5 0 0 10 0 0 14 0 0 13 0 0 8 0 0 14 0 0 10 0 0</p>
				</triangles>
			</mesh>
		</geometry>
	</library_geometries>
	<library_controllers>
		<controller id="polygon0_Controller">
			<skin source="#polygon0">
				<bind_shape_matrix>1 0 0 0 0 1 0 0 0 0 1 0 0 0 0 1</bind_shape_matrix>
				<source id="polygon0_Joints">
					<Name_array id="polygon0_JointArr" count="3">obj_obake_door obake_doorA obake_doorB</Name_array>
					<technique_common>
						<accessor source="#polygon0_JointArr" count="3">
							<param name="JOINT" type="Name" />
						</accessor>
					</technique_common>
				</source>
				<source id="polygon0_Matrices">
					<float_array id="polygon0_MatArr" count="48">1 0 0 0 0 1 0 0 0 0 1 0 0 0 0 1 1 0 0 -16 0 1 0 0 0 0 1 1.385353 0 0 0 1 1 0 0 0 0 1 0 0 0 0 1 0 0 0 0 1</float_array>
					<technique_common>
						<accessor source="#polygon0_MatArr" count="3" stride="16">
							<param type="float4x4" />
						</accessor>
					</technique_common>
				</source>
				<source id="polygon0_Weights">
					<float_array id="polygon0_WeightArr" count="1">1</float_array>
					<technique_common>
						<accessor source="#polygon0_WeightArr" count="1">
							<param type="float" />
						</accessor>
					</technique_common>
				</source>
				<joints>
					<input semantic="JOINT" source="#polygon0_Joints" />
					<input semantic="INV_BIND_MATRIX" source="#polygon0_Matrices" />
				</joints>
				<vertex_weights count="130">
					<input semantic="JOINT" offset="0" source="#polygon0_Joints" />
					<input semantic="WEIGHT" offset="1" source="#polygon0_Weights" />
					<vcount>1 1 1 1 1 1 1 1 1 1 1 1 1 1 1 1 1 1 1 1 1 1 1 1 1 1 1 1 1 1 1 1 1 1 1 1 1 1 1 1 1 1 1 1 1 1 1 1 1 1 1 1 1 1 1 1 1 1 1 1 1 1 1 1 1 1 1 1 1 1 1 1 1 1 1 1 1 1 1 1 1 1 1 1 1 1 1 1 1 1 1 1 1 1 1 1 1 1 1 1 1 1 1 1 1 1 1 1 1 1 1 1 1 1 1 1 1 1 1 1 1 1 1 1 1 1 1 1 1 1</vcount>
					<v>1 0 1 0 1 0 1 0 1 0 1 0 1 0 1 0 1 0 1 0 1 0 1 0 1 0 1 0 1 0 1 0 1 0 1 0 1 0 1 0 1 0 1 0 1 0 1 0 1 0 1 0 1 0 1 0 1 0 1 0 1 0 1 0 1 0 1 0 1 0 1 0 1 0 1 0 1 0 1 0 1 0 1 0 1 0 1 0 1 0 1 0 1 0 1 0 1 0 1 0 1 0 1 0 1 0 1 0 1 0 1 0 1 0 1 0 1 0 1 0 1 0 1 0 1 0 1 0 1 0 1 0 1 0 1 0 1 0 1 0 1 0 1 0 1 0 1 0 1 0 1 0 1 0 1 0 1 0 1 0 1 0 1 0 1 0 1 0 1 0 1 0 1 0 1 0 1 0 1 0 1 0 1 0 1 0 1 0 1 0 1 0 1 0 1 0 1 0 1 0 1 0 1 0 1 0 1 0 1 0 1 0 1 0 1 0 1 0 1 0 1 0 1 0 1 0 1 0 1 0 1 0 1 0 1 0 1 0 1 0 1 0 1 0 1 0 1 0 1 0 1 0 1 0 1 0 1 0 1 0</v>
				</vertex_weights>
			</skin>
		</controller>
		<controller id="polygon1_Controller">
			<skin source="#polygon1">
				<bind_shape_matrix>1 0 0 0 0 1 0 0 0 0 1 0 0 0 0 1</bind_shape_matrix>
				<source id="polygon1_Joints">
					<Name_array id="polygon1_JointArr" count="3">obj_obake_door obake_doorA obake_doorB</Name_array>
					<technique_common>
						<accessor source="#polygon1_JointArr" count="3">
							<param name="JOINT" type="Name" />
						</accessor>
					</technique_common>
				</source>
				<source id="polygon1_Matrices">
					<float_array id="polygon1_MatArr" count="48">1 0 0 0 0 1 0 0 0 0 1 0 0 0 0 1 1 0 0 -16 0 1 0 0 0 0 1 1.385353 0 0 0 1 1 0 0 0 0 1 0 0 0 0 1 0 0 0 0 1</float_array>
					<technique_common>
						<accessor source="#polygon1_MatArr" count="3" stride="16">
							<param type="float4x4" />
						</accessor>
					</technique_common>
				</source>
				<source id="polygon1_Weights">
					<float_array id="polygon1_WeightArr" count="1">1</float_array>
					<technique_common>
						<accessor source="#polygon1_WeightArr" count="1">
							<param type="float" />
						</accessor>
					</technique_common>
				</source>
				<joints>
					<input semantic="JOINT" source="#polygon1_Joints" />
					<input semantic="INV_BIND_MATRIX" source="#polygon1_Matrices" />
				</joints>
				<vertex_weights count="597">
					<input semantic="JOINT" offset="0" source="#polygon1_Joints" />
					<input semantic="WEIGHT" offset="1" source="#polygon1_Weights" />
					<vcount>1 1 1 1 1 1 1 1 1 1 1 1 1 1 1 1 1 1 1 1 1 1 1 1 1 1 1 1 1 1 1 1 1 1 1 1 1 1 1 1 1 1 1 1 1 1 1 1 1 1 1 1 1 1 1 1 1 1 1 1 1 1 1 1 1 1 1 1 1 1 1 1 1 1 1 1 1 1 1 1 1 1 1 1 1 1 1 1 1 1 1 1 1 1 1 1 1 1 1 1 1 1 1 1 1 1 1 1 1 1 1 1 1 1 1 1 1 1 1 1 1 1 1 1 1 1 1 1 1 1 1 1 1 1 1 1 1 1 1 1 1 1 1 1 1 1 1 1 1 1 1 1 1 1 1 1 1 1 1 1 1 1 1 1 1 1 1 1 1 1 1 1 1 1 1 1 1 1 1 1 1 1 1 1 1 1 1 1 1 1 1 1 1 1 1 1 1 1 1 1 1 1 1 1 1 1 1 1 1 1 1 1 1 1 1 1 1 1 1 1 1 1 1 1 1 1 1 1 1 1 1 1 1 1 1 1 1 1 1 1 1 1 1 1 1 1 1 1 1 1 1 1 1 1 1 1 1 1 1 1 1 1 1 1 1 1 1 1 1 1 1 1 1 1 1 1 1 1 1 1 1 1 1 1 1 1 1 1 1 1 1 1 1 1 1 1 1 1 1 1 1 1 1 1 1 1 1 1 1 1 1 1 1 1 1 1 1 1 1 1 1 1 1 1 1 1 1 1 1 1 1 1 1 1 1 1 1 1 1 1 1 1 1 1 1 1 1 1 1 1 1 1 1 1 1 1 1 1 1 1 1 1 1 1 1 1 1 1 1 1 1 1 1 1 1 1 1 1 1 1 1 1 1 1 1 1 1 1 1 1 1 1 1 1 1 1 1 1 1 1 1 1 1 1 1 1 1 1 1 1 1 1 1 1 1 1 1 1 1 1 1 1 1 1 1 1 1 1 1 1 1 1 1 1 1 1 1 1 1 1 1 1 1 1 1 1 1 1 1 1 1 1 1 1 1 1 1 1 1 1 1 1 1 1 1 1 1 1 1 1 1 1 1 1 1 1 1 1 1 1 1 1 1 1 1 1 1 1 1 1 1 1 1 1 1 1 1 1 1 1 1 1 1 1 1 1 1 1 1 1 1 1 1 1 1 1 1 1 1 1 1 1 1 1 1 1 1 1 1 1 1 1 1 1 1 1 1 1 1 1 1 1 1 1 1 1 1 1 1 1 1 1 1 1 1 1 1 1 1 1 1 1 1 1 1 1 1 1 1 1 1 1 1 1 1 1 1 1 1 1 1 1 1 1 1 1 1 1 1 1 1 1 1 1 1 1 1</vcount>
					<v>1 0 1 0 1 0 1 0 1 0 1 0 1 0 1 0 1 0 1 0 1 0 1 0 1 0 1 0 1 0 1 0 1 0 1 0 1 0 1 0 1 0 1 0 1 0 1 0 1 0 1 0 1 0 1 0 1 0 1 0 1 0 1 0 1 0 1 0 1 0 1 0 1 0 1 0 1 0 1 0 1 0 1 0 1 0 1 0 1 0 1 0 1 0 1 0 1 0 1 0 1 0 1 0 1 0 1 0 1 0 1 0 1 0 1 0 1 0 1 0 1 0 1 0 1 0 1 0 1 0 1 0 1 0 1 0 1 0 1 0 1 0 1 0 1 0 1 0 1 0 1 0 1 0 1 0 1 0 1 0 1 0 1 0 1 0 1 0 1 0 1 0 1 0 1 0 1 0 1 0 1 0 1 0 1 0 1 0 1 0 1 0 1 0 1 0 1 0 1 0 1 0 1 0 1 0 1 0 1 0 1 0 1 0 1 0 1 0 1 0 1 0 1 0 1 0 1 0 1 0 1 0 1 0 1 0 1 0 1 0 1 0 1 0 1 0 1 0 1 0 1 0 1 0 1 0 1 0 1 0 1 0 1 0 1 0 1 0 1 0 1 0 1 0 1 0 1 0 1 0 1 0 1 0 1 0 1 0 1 0 1 0 1 0 1 0 1 0 1 0 1 0 1 0 1 0 1 0 1 0 1 0 1 0 1 0 1 0 1 0 1 0 1 0 1 0 1 0 1 0 1 0 1 0 1 0 1 0 1 0 1 0 1 0 1 0 1 0 1 0 1 0 1 0 1 0 1 0 1 0 1 0 1 0 1 0 1 0 1 0 1 0 1 0 1 0 1 0 1 0 1 0 1 0 1 0 1 0 1 0 1 0 1 0 1 0 1 0 1 0 1 0 1 0 1 0 1 0 1 0 1 0 1 0 1 0 1 0 1 0 1 0 1 0 1 0 1 0 1 0 1 0 1 0 1 0 1 0 1 0 1 0 1 0 1 0 1 0 1 0 1 0 1 0 1 0 1 0 1 0 1 0 1 0 1 0 1 0 1 0 1 0 1 0 1 0 1 0 1 0 1 0 1 0 1 0 1 0 1 0 1 0 1 0 1 0 1 0 1 0 1 0 1 0 1 0 1 0 1 0 1 0 1 0 1 0 1 0 1 0 1 0 1 0 1 0 1 0 1 0 1 0 1 0 1 0 1 0 1 0 1 0 1 0 1 0 1 0 1 0 1 0 1 0 1 0 1 0 1 0 1 0 1 0 1 0 1 0 1 0 1 0 1 0 1 0 1 0 1 0 1 0 1 0 1 0 1 0 1 0 1 0 1 0 1 0 1 0 1 0 1 0 1 0 1 0 1 0 1 0 1 0 1 0 1 0 1 0 1 0 1 0 1 0 1 0 1 0 1 0 1 0 1 0 1 0 1 0 1 0 1 0 1 0 1 0 1 0 1 0 1 0 1 0 1 0 1 0 1 0 1 0 1 0 1 0 1 0 1 0 1 0 1 0 1 0 1 0 1 0 1 0 1 0 1 0 1 0 1 0 1 0 1 0 1 0 1 0 1 0 1 0 1 0 1 0 1 0 1 0 1 0 1 0 1 0 1 0 1 0 1 0 1 0 1 0 1 0 1 0 1 0 1 0 1 0 1 0 1 0 1 0 1 0 1 0 1 0 1 0 1 0 1 0 1 0 1 0 1 0 1 0 1 0 1 0 1 0 1 0 1 0 1 0 1 0 1 0 1 0 1 0 1 0 1 0 1 0 1 0 1 0 1 0 1 0 1 0 1 0 1 0 1 0 1 0 1 0 1 0 1 0 1 0 1 0 1 0 1 0 1 0 1 0 1 0 1 0 1 0 1 0 1 0 1 0 1 0 1 0 1 0 1 0 1 0 1 0 1 0 1 0 1 0 1 0 1 0 1 0 1 0 1 0 1 0 1 0 1 0 1 0 1 0 1 0 1 0 1 0 1 0 1 0 1 0 1 0 1 0 1 0 1 0 1 0 1 0 1 0 1 0 1 0 1 0 1 0 1 0 1 0 1 0 1 0 1 0 1 0 1 0 1 0 1 0 1 0 1 0 1 0 1 0 1 0 1 0 1 0 1 0 1 0 1 0 1 0 1 0 1 0 1 0 1 0 1 0 1 0 1 0 1 0 1 0 1 0 1 0 1 0 1 0 1 0 1 0 1 0 1 0 1 0 1 0 1 0 1 0 1 0 1 0 1 0 1 0 1 0 1 0 1 0 1 0 1 0 1 0 1 0 1 0 1 0 1 0 1 0 1 0 1 0 1 0 1 0 1 0 1 0 1 0 1 0 1 0 1 0 1 0 1 0 1 0 1 0 1 0 1 0 1 0 1 0 1 0 1 0 1 0 1 0 1 0 1 0 1 0 1 0 1 0 1 0 1 0 1 0 1 0 1 0 1 0 1 0 1 0 1 0 1 0 1 0 1 0 1 0 1 0 1 0 1 0 1 0 1 0 1 0 1 0 1 0 1 0 1 0 1 0 1 0 1 0 1 0 1 0 1 0 1 0 1 0 1 0 1 0 1 0 1 0 1 0 1 0 1 0 1 0 1 0 1 0 1 0 1 0 1 0 1 0 1 0 1 0 1 0 1 0 1 0 1 0 1 0 1 0 1 0 1 0 1 0 1 0 1 0 1 0 1 0</v>
				</vertex_weights>
			</skin>
		</controller>
		<controller id="polygon2_Controller">
			<skin source="#polygon2">
				<bind_shape_matrix>1 0 0 0 0 1 0 0 0 0 1 0 0 0 0 1</bind_shape_matrix>
				<source id="polygon2_Joints">
					<Name_array id="polygon2_JointArr" count="3">obj_obake_door obake_doorA obake_doorB</Name_array>
					<technique_common>
						<accessor source="#polygon2_JointArr" count="3">
							<param name="JOINT" type="Name" />
						</accessor>
					</technique_common>
				</source>
				<source id="polygon2_Matrices">
					<float_array id="polygon2_MatArr" count="48">1 0 0 0 0 1 0 0 0 0 1 0 0 0 0 1 1 0 0 -16 0 1 0 0 0 0 1 1.385353 0 0 0 1 1 0 0 0 0 1 0 0 0 0 1 0 0 0 0 1</float_array>
					<technique_common>
						<accessor source="#polygon2_MatArr" count="3" stride="16">
							<param type="float4x4" />
						</accessor>
					</technique_common>
				</source>
				<source id="polygon2_Weights">
					<float_array id="polygon2_WeightArr" count="1">1</float_array>
					<technique_common>
						<accessor source="#polygon2_WeightArr" count="1">
							<param type="float" />
						</accessor>
					</technique_common>
				</source>
				<joints>
					<input semantic="JOINT" source="#polygon2_Joints" />
					<input semantic="INV_BIND_MATRIX" source="#polygon2_Matrices" />
				</joints>
				<vertex_weights count="54">
					<input semantic="JOINT" offset="0" source="#polygon2_Joints" />
					<input semantic="WEIGHT" offset="1" source="#polygon2_Weights" />
					<vcount>1 1 1 1 1 1 1 1 1 1 1 1 1 1 1 1 1 1 1 1 1 1 1 1 1 1 1 1 1 1 1 1 1 1 1 1 1 1 1 1 1 1 1 1 1 1 1 1 1 1 1 1 1 1</vcount>
					<v>2 0 2 0 2 0 2 0 2 0 2 0 2 0 2 0 2 0 2 0 2 0 2 0 2 0 2 0 2 0 2 0 2 0 2 0 2 0 2 0 2 0 2 0 2 0 2 0 2 0 2 0 2 0 2 0 2 0 2 0 2 0 2 0 2 0 2 0 2 0 2 0 2 0 2 0 2 0 2 0 2 0 2 0 2 0 2 0 2 0 2 0 2 0 2 0 2 0 2 0 2 0 2 0 2 0 2 0</v>
				</vertex_weights>
			</skin>
		</controller>
		<controller id="polygon3_Controller">
			<skin source="#polygon3">
				<bind_shape_matrix>1 0 0 0 0 1 0 0 0 0 1 0 0 0 0 1</bind_shape_matrix>
				<source id="polygon3_Joints">
					<Name_array id="polygon3_JointArr" count="3">obj_obake_door obake_doorA obake_doorB</Name_array>
					<technique_common>
						<accessor source="#polygon3_JointArr" count="3">
							<param name="JOINT" type="Name" />
						</accessor>
					</technique_common>
				</source>
				<source id="polygon3_Matrices">
					<float_array id="polygon3_MatArr" count="48">1 0 0 0 0 1 0 0 0 0 1 0 0 0 0 1 1 0 0 -16 0 1 0 0 0 0 1 1.385353 0 0 0 1 1 0 0 0 0 1 0 0 0 0 1 0 0 0 0 1</float_array>
					<technique_common>
						<accessor source="#polygon3_MatArr" count="3" stride="16">
							<param type="float4x4" />
						</accessor>
					</technique_common>
				</source>
				<source id="polygon3_Weights">
					<float_array id="polygon3_WeightArr" count="1">1</float_array>
					<technique_common>
						<accessor source="#polygon3_WeightArr" count="1">
							<param type="float" />
						</accessor>
					</technique_common>
				</source>
				<joints>
					<input semantic="JOINT" source="#polygon3_Joints" />
					<input semantic="INV_BIND_MATRIX" source="#polygon3_Matrices" />
				</joints>
				<vertex_weights count="15">
					<input semantic="JOINT" offset="0" source="#polygon3_Joints" />
					<input semantic="WEIGHT" offset="1" source="#polygon3_Weights" />
					<vcount>1 1 1 1 1 1 1 1 1 1 1 1 1 1 1</vcount>
					<v>2 0 2 0 2 0 2 0 2 0 2 0 2 0 2 0 2 0 2 0 2 0 2 0 2 0 2 0 2 0</v>
				</vertex_weights>
			</skin>
		</controller>
	</library_controllers>
	<library_visual_scenes>
		<visual_scene id="RootNode" name="RootNode">
			<node id="obj_obake_door" name="obj_obake_door" sid="obj_obake_door" type="JOINT">
				<node id="obake_doorA" name="obake_doorA" sid="obake_doorA" type="JOINT">
					<translate>16 0 -1.385353</translate>
				</node>
				<node id="obake_doorB" name="obake_doorB" sid="obake_doorB" type="JOINT" />
			</node>
			<node id="polygon0" name="polygon0" type="NODE">
				<instance_controller url="#polygon0_Controller">
					<skeleton>#obj_obake_door</skeleton>
					<bind_material>
						<technique_common>
							<instance_material symbol="mt_obake_door" target="#mt_obake_door">
								<bind_vertex_input semantic="TEXCOORD0" input_semantic="TEXCOORD" input_set="0" />
								<bind_vertex_input semantic="TEXCOORD0" input_semantic="TEXCOORD" input_set="0" />
								<bind_vertex_input semantic="TEXCOORD0" input_semantic="TEXCOORD" input_set="0" />
							</instance_material>
						</technique_common>
					</bind_material>
				</instance_controller>
			</node>
			<node id="polygon1" name="polygon1" type="NODE">
				<instance_controller url="#polygon1_Controller">
					<skeleton>#obj_obake_door</skeleton>
					<bind_material>
						<technique_common>
							<instance_material symbol="mt_obake_kanagu" target="#mt_obake_kanagu">
								<bind_vertex_input semantic="TEXCOORD0" input_semantic="TEXCOORD" input_set="0" />
								<bind_vertex_input semantic="TEXCOORD0" input_semantic="TEXCOORD" input_set="0" />
								<bind_vertex_input semantic="TEXCOORD0" input_semantic="TEXCOORD" input_set="0" />
							</instance_material>
						</technique_common>
					</bind_material>
				</instance_controller>
			</node>
			<node id="polygon2" name="polygon2" type="NODE">
				<instance_controller url="#polygon2_Controller">
					<skeleton>#obj_obake_door</skeleton>
					<bind_material>
						<technique_common>
							<instance_material symbol="mt_obake_door" target="#mt_obake_door">
								<bind_vertex_input semantic="TEXCOORD0" input_semantic="TEXCOORD" input_set="0" />
								<bind_vertex_input semantic="TEXCOORD0" input_semantic="TEXCOORD" input_set="0" />
								<bind_vertex_input semantic="TEXCOORD0" input_semantic="TEXCOORD" input_set="0" />
							</instance_material>
						</technique_common>
					</bind_material>
				</instance_controller>
			</node>
			<node id="polygon3" name="polygon3" type="NODE">
				<instance_controller url="#polygon3_Controller">
					<skeleton>#obj_obake_door</skeleton>
					<bind_material>
						<technique_common>
							<instance_material symbol="mt_obake_oku" target="#mt_obake_oku">
								<bind_vertex_input semantic="TEXCOORD0" input_semantic="TEXCOORD" input_set="0" />
							</instance_material>
						</technique_common>
					</bind_material>
				</instance_controller>
			</node>
		</visual_scene>
	</library_visual_scenes>
	<scene>
		<instance_visual_scene url="#RootNode" />
	</scene>
</COLLADA>